cell_id,cycle_number,capacity_ah,ambient_c,soh_pct,window_charge_ah,ic_peak_height,ic_peak_voltage,voltage_slope_v_per_s,cv_phase_seconds,temp_rise_c,temp_max_c
B0005,2,1.846327,24.0,92.3164,0.958945,5.323981,3.988983,9.8e-05,5100.172,1.484506,29.341949
B0005,3,1.835349,24.0,91.7675,0.955955,5.338383,3.984746,9.9e-05,5128.766,1.448951,29.553301
B0005,4,1.835263,24.0,91.7631,0.952553,5.230264,3.950847,9.9e-05,5039.266,1.456741,29.45634
B0005,5,1.834646,24.0,91.7323,0.950805,5.196037,3.988983,0.0001,5009.109,1.397167,29.481334
B0005,6,1.835662,24.0,91.7831,0.94969,5.190964,3.94661,0.0001,4980.656,1.439065,29.39582
B0005,7,1.835146,24.0,91.7573,0.949493,5.181683,3.99322,0.0001,4943.0,1.502614,29.438424
B0005,8,1.825757,24.0,91.2878,0.94914,5.241131,3.984746,0.0001,4894.015,1.514173,29.510811
B0005,9,1.824774,24.0,91.2387,0.944933,5.151533,3.950847,0.000101,4901.094,1.375704,29.668814
B0005,10,1.824613,24.0,91.2307,0.94275,5.042064,3.950847,0.000101,4851.937,1.314442,29.779289
B0005,11,1.82462,24.0,91.231,0.941805,5.073091,3.950847,0.000101,4891.594,1.302464,29.711
B0005,12,1.814202,24.0,90.7101,0.906506,4.94064,3.94661,0.000106,4734.969,0.369444,30.376779
B0005,13,1.813752,24.0,90.6876,0.93602,5.105138,3.94661,0.000102,4783.578,1.241418,30.05302
B0005,14,1.81344,24.0,90.672,0.935457,5.127437,3.94661,0.000102,4820.235,1.191232,30.168469
B0005,15,1.802598,24.0,90.1299,0.934583,5.192159,3.988983,0.000102,4797.078,1.195145,30.060786
B0005,16,1.802107,24.0,90.1053,0.931857,5.097182,3.94661,0.000102,4869.125,1.160632,29.841053
B0005,17,1.80258,24.0,90.129,0.930031,5.197349,3.950847,0.000102,4784.078,1.106395,29.902363
B0005,18,1.803068,24.0,90.1534,0.927296,5.039962,3.942373,0.000103,4784.406,1.081136,30.108307
B0005,19,1.802778,24.0,90.1389,0.927568,5.266907,3.94661,0.000103,4835.266,1.045742,30.321324
B0005,20,1.847026,24.0,92.3513,1.002597,5.78053,3.963559,9.3e-05,4796.828,3.598738,29.01875
B0005,21,1.847417,24.0,92.3709,0.991425,5.692529,3.950847,9.5e-05,4728.156,3.454673,29.356472
B0005,22,1.836177,24.0,91.8089,0.988134,5.761058,3.94661,9.5e-05,4806.312,3.118168,29.327543
B0005,23,1.825781,24.0,91.289,0.983897,5.612203,3.950847,9.5e-05,4849.188,3.110317,28.938507
B0005,24,1.825114,24.0,91.2557,0.980079,5.547085,3.99322,9.6e-05,4861.094,3.114415,28.75479
B0005,25,1.825582,24.0,91.2791,0.978553,5.648206,3.955085,9.6e-05,4820.656,3.126188,28.688602
B0005,26,1.814031,24.0,90.7016,0.976261,5.503642,3.950847,9.6e-05,4836.14,3.082234,28.633407
B0005,27,1.814769,24.0,90.7385,0.973311,5.54459,3.955085,9.6e-05,4905.187,3.086414,28.589954
B0005,28,1.813969,24.0,90.6985,0.971397,5.447418,3.955085,9.7e-05,4872.094,3.081115,28.501766
B0005,29,1.802766,24.0,90.1383,0.969672,5.541071,3.950847,9.7e-05,4857.906,3.10137,28.530898
B0005,30,1.804077,24.0,90.2039,0.966645,5.541316,3.950847,9.7e-05,4864.438,3.081946,28.577659
B0005,31,1.830704,24.0,91.5352,0.969023,5.512363,3.950847,9.9e-05,4806.593,2.994707,28.988708
B0005,32,1.819904,24.0,90.9952,0.965373,5.575046,3.950847,9.9e-05,4866.828,2.883232,29.096041
B0005,33,1.809308,24.0,90.4654,0.960308,5.365709,3.950847,0.0001,4887.796,2.779768,28.801172
B0005,34,1.80461,24.0,90.2305,0.95592,5.401669,3.950847,0.0001,4967.953,2.7909,28.457076
B0005,35,1.799377,24.0,89.9689,0.954119,5.426687,3.950847,0.0001,4951.187,2.960951,28.652647
B0005,36,1.788443,24.0,89.4222,0.950605,5.450681,3.950847,0.000101,4981.75,2.842282,28.898824
B0005,37,1.782923,24.0,89.1462,0.945743,5.277341,3.99322,0.000101,4975.625,2.799802,28.633513
B0005,38,1.773034,24.0,88.6517,0.941725,5.261672,3.955085,0.000102,5005.953,2.698139,28.473513
B0005,39,1.773038,24.0,88.6519,0.936653,5.214082,3.955085,0.000102,5068.172,2.656714,28.254096
B0005,40,1.767872,24.0,88.3936,0.936531,5.191653,3.950847,0.000102,5038.25,2.81321,28.781761
B0005,41,1.762315,24.0,88.1158,0.932889,5.214644,3.950847,0.000103,4986.609,2.745844,29.239711
B0005,42,1.767617,24.0,88.3809,0.929329,5.100791,3.959322,0.000103,5035.531,2.653928,29.202151
B0005,43,1.762668,24.0,88.1334,0.946765,5.308072,3.997458,0.0001,5038.219,3.770629,28.994866
B0005,44,1.75173,24.0,87.5865,0.927038,5.089743,3.955085,0.000103,5055.688,2.697003,28.68938
B0005,45,1.74185,24.0,87.0925,0.921876,5.006681,4.005932,0.000104,5096.046,2.71941,28.498796
B0005,46,1.736091,24.0,86.8046,0.916371,5.166207,3.99322,0.000104,5107.031,2.697852,28.479908
B0005,47,1.793624,24.0,89.6812,0.946218,5.125593,3.963559,0.0001,4889.172,3.553307,29.037855
B0005,48,1.783189,24.0,89.1595,0.945359,5.206254,3.942373,0.000102,4787.844,2.833012,31.187718
B0005,49,1.767364,24.0,88.3682,0.937541,5.193104,3.94661,0.000103,4831.766,2.852214,30.582056
B0005,50,1.757018,24.0,87.8509,0.930735,5.156938,3.950847,0.000103,4892.453,2.820748,29.827437
B0005,51,1.746871,24.0,87.3435,0.924886,5.261319,3.950847,0.000104,4966.86,2.772366,29.510756
B0005,52,1.741717,24.0,87.0859,0.919215,5.076542,3.959322,0.000104,5045.406,2.771207,29.242613
B0005,53,1.736423,24.0,86.8211,0.915527,5.006447,3.955085,0.000105,5024.375,2.721286,29.462119
B0005,54,1.726322,24.0,86.3161,0.911434,4.945447,3.950847,0.000105,5113.844,2.667181,29.508344
B0005,55,1.715807,24.0,85.7903,0.906451,4.998108,3.955085,0.000106,5119.094,2.658459,29.374561
B0005,56,1.710533,24.0,85.5267,0.901239,4.851999,4.005932,0.000106,5168.579,2.640971,29.242378
B0005,57,1.706014,24.0,85.3007,0.89652,4.807454,3.959322,0.000107,5188.36,2.628593,29.19441
B0005,58,1.700311,24.0,85.0156,0.894613,4.916177,3.959322,0.000107,5171.906,2.690795,29.651226
B0005,59,1.69458,24.0,84.729,0.889534,4.822054,3.955085,0.000108,5208.516,2.573223,29.592983
B0005,60,1.684903,24.0,84.2451,0.883747,4.677337,4.001695,0.000108,5270.171,2.535766,29.511621
B0005,61,1.674474,24.0,83.7237,0.876959,4.745452,3.955085,0.000109,5284.594,2.461582,29.367459
B0005,62,1.674569,24.0,83.7285,0.871833,4.67213,3.959322,0.00011,5325.188,2.555923,29.237377
B0005,63,1.663716,24.0,83.1858,0.869619,4.602456,4.001695,0.00011,5272.937,2.517417,29.66066
B0005,64,1.659014,24.0,82.9507,0.863462,4.542159,3.99322,0.000111,5318.828,2.383143,29.685995
B0005,65,1.653854,24.0,82.6927,0.857686,4.594683,3.988983,0.000112,5114.578,2.431815,29.597306
B0005,66,1.642654,24.0,82.1327,0.851082,4.554108,4.001695,0.000112,5379.766,2.401299,29.467537
B0005,67,1.637858,24.0,81.8929,0.84462,4.582563,3.997458,0.000113,5425.437,2.404146,29.380339
B0005,68,1.632735,24.0,81.6368,0.839621,4.44998,4.001695,0.000114,5446.593,2.405545,29.433496
B0005,69,1.627753,24.0,81.3876,0.834215,4.427979,4.001695,0.000115,5528.891,2.369244,29.478595
B0005,70,1.622125,24.0,81.1063,0.827397,4.34235,3.99322,0.000115,5412.922,2.348102,29.485509
B0005,71,1.611326,24.0,80.5663,0.821733,4.317062,3.997458,0.000116,5541.125,2.328347,29.468401
B0005,72,1.606563,24.0,80.3282,0.815658,4.366951,3.99322,0.000117,5510.375,2.318782,29.445806
B0005,73,1.601514,24.0,80.0757,0.810195,4.311037,4.005932,0.000118,5625.172,2.316882,29.461354
B0005,74,1.590369,24.0,79.5185,0.804472,4.230753,4.001695,0.000119,5650.188,2.292014,29.419372
B0005,75,1.585789,24.0,79.2894,0.795724,4.18194,4.001695,0.00012,5660.781,2.27863,29.367196
B0005,76,1.584943,24.0,79.2472,0.789169,4.173232,4.001695,0.000121,5746.75,2.233585,29.297103
B0005,77,1.595526,24.0,79.7763,0.797795,4.341327,4.001695,0.000117,5764.406,3.443376,29.54829
B0005,78,1.57473,24.0,78.7365,0.793489,4.131901,3.99322,0.00012,5716.468,2.207056,29.561096
B0005,79,1.564902,24.0,78.2451,0.77765,4.136665,4.001695,0.000122,5807.953,2.209016,29.019647
B0005,80,1.559766,24.0,77.9883,0.767033,4.029729,4.014407,0.000123,5870.437,2.236494,28.885501
B0005,81,1.559482,24.0,77.9741,0.763223,4.115152,4.010169,0.000124,5889.36,2.26774,29.195907
B0005,82,1.554689,24.0,77.7345,0.764128,3.962921,4.010169,0.000124,5806.406,2.246409,29.781643
B0005,83,1.548874,24.0,77.4437,0.758431,3.952675,3.997458,0.000125,5867.375,2.177742,29.71021
B0005,84,1.538237,24.0,76.9118,0.751188,3.909539,4.010169,0.000126,5867.969,2.17067,29.587669
B0005,85,1.527914,24.0,76.3957,0.740861,3.834428,4.005932,0.000128,5943.328,2.075451,29.264258
B0005,86,1.528525,24.0,76.4263,0.734156,3.888184,4.018644,0.000129,6010.516,2.200803,29.166832
B0005,87,1.522647,24.0,76.1324,0.73504,3.77498,4.005932,0.000129,5943.469,2.210053,29.641682
B0005,88,1.517486,24.0,75.8743,0.730198,3.806604,4.014407,0.00013,5937.125,2.169066,29.840833
B0005,89,1.563849,24.0,78.1925,0.767867,4.178466,4.014407,0.000121,5867.688,3.516652,29.683647
B0005,90,1.548092,24.0,77.4046,0.770611,3.985438,4.001695,0.000124,5715.563,2.305326,30.299188
B0005,91,1.532376,24.0,76.6188,0.756901,3.931716,4.010169,0.000126,5785.063,2.229136,30.159651
B0005,92,1.526953,24.0,76.3476,0.74381,3.877947,4.010169,0.000128,5798.469,2.173444,29.922619
B0005,93,1.516957,24.0,75.8479,0.736657,3.859589,3.99322,0.000129,5865.875,2.206398,29.789042
B0005,94,1.511898,24.0,75.5949,0.728022,3.835532,4.014407,0.00013,5921.219,2.201911,29.739617
B0005,95,1.506564,24.0,75.3282,0.723387,3.78082,4.018644,0.000131,5850.422,2.211843,29.817452
B0005,96,1.501545,24.0,75.0773,0.71767,3.778559,4.022881,0.000132,5928.0,2.161076,29.804975
B0005,97,1.490844,24.0,74.5422,0.712198,3.690313,4.014407,0.000133,6003.188,2.180154,29.815187
B0005,98,1.485868,24.0,74.2934,0.704796,3.719471,4.018644,0.000134,6003.203,2.186604,29.836685
B0005,99,1.480414,24.0,74.0207,0.700012,3.6537,4.018644,0.000135,5959.157,2.179626,29.863474
B0005,100,1.47521,24.0,73.7605,0.695322,3.667955,4.005932,0.000135,6010.641,2.167457,29.84788
B0005,101,1.485904,24.0,74.2952,0.689072,3.58215,4.014407,0.000136,5996.688,2.167295,29.817445
B0005,102,1.496092,24.0,74.8046,0.700417,3.919367,4.010169,0.000131,6178.516,3.29704,30.040886
B0005,103,1.480801,24.0,74.04,0.707081,3.774603,4.018644,0.000134,5975.875,2.17326,30.484119
B0005,104,1.469754,24.0,73.4877,0.694428,3.592026,4.014407,0.000136,5967.687,2.156924,30.320993
B0005,105,1.453901,24.0,72.6951,0.68495,3.589505,4.010169,0.000137,6060.328,2.158439,30.154997
B0005,106,1.454146,24.0,72.7073,0.677598,3.542318,4.014407,0.000139,6049.125,2.171038,29.976829
B0005,107,1.455024,24.0,72.7512,0.671936,3.509771,4.027119,0.00014,6088.875,2.206163,30.085075
B0005,108,1.449042,24.0,72.4521,0.672168,3.527456,4.014407,0.00014,6051.593,2.214839,30.388202
B0005,109,1.438671,24.0,71.9335,0.666951,3.519662,4.014407,0.000141,6117.39,2.156754,30.350932
B0005,110,1.433445,24.0,71.6723,0.656715,3.48273,4.014407,0.000142,6174.86,2.147803,29.976324
B0005,111,1.433396,24.0,71.6698,0.652246,3.425203,4.027119,0.000143,6139.313,2.213382,30.072488
B0005,112,1.428065,24.0,71.4032,0.652574,3.371433,4.031356,0.000143,6147.719,2.203856,30.336672
B0005,113,1.42292,24.0,71.146,0.649803,3.397377,4.018644,0.000144,6127.797,2.157859,30.483129
B0005,114,1.417429,24.0,70.8715,0.643155,3.596647,4.018644,0.000145,6173.735,2.152717,30.274856
B0005,115,1.412409,24.0,70.6205,0.636785,3.348531,4.018644,0.000146,6221.438,2.11999,30.035871
B0005,116,1.412579,24.0,70.6289,0.63079,3.27996,4.014407,0.000147,6255.203,2.173465,30.037365
B0005,117,1.407598,24.0,70.3799,0.632307,3.340374,4.022881,0.000147,6245.39,2.192979,30.351591
B0005,118,1.433392,24.0,71.6696,0.631158,3.323848,4.022881,0.000147,6144.266,2.203544,30.676489
B0005,119,1.438255,24.0,71.9128,0.662247,3.513087,4.001695,0.000139,6118.985,2.883115,30.448108
B0005,120,1.417355,24.0,70.8677,0.655602,3.582113,4.035593,0.000143,6143.531,2.136849,30.609065
B0005,121,1.406982,24.0,70.3491,0.639512,3.337207,4.031356,0.000145,6108.422,2.123522,30.193783
B0005,122,1.401204,24.0,70.0602,0.628353,3.329071,4.014407,0.000147,6177.265,2.142548,29.935658
B0005,123,1.396701,24.0,69.835,0.622942,3.268678,4.018644,0.000148,6174.672,2.155357,29.888167
B0005,124,1.391285,24.0,69.5642,0.617782,3.3099,4.031356,0.000149,6231.641,2.164478,29.861095
B0005,125,1.386229,24.0,69.3114,0.612162,3.230901,4.039831,0.00015,6234.36,2.156238,29.859618
B0005,126,1.380437,24.0,69.0218,0.607232,3.25631,4.035593,0.000152,6231.265,2.147766,29.76623
B0005,127,1.375236,24.0,68.7618,0.601314,3.244243,4.031356,0.000153,6272.375,2.150955,29.659062
B0005,128,1.370513,24.0,68.5256,0.59617,3.202419,4.022881,0.000154,6282.407,2.151742,29.636313
B0005,129,1.370509,24.0,68.5254,0.593755,3.19626,4.014407,0.000155,6251.312,2.15698,29.674942
B0005,130,1.364736,24.0,68.2368,0.589779,3.158245,4.039831,0.000155,6314.531,2.149466,29.66256
B0005,131,1.375392,24.0,68.7696,0.58466,3.101848,4.031356,0.000156,6299.438,2.169076,29.574919
B0005,132,1.386112,24.0,69.3056,0.595599,3.388767,4.027119,0.000148,6436.0,3.197218,30.03898
B0005,133,1.36985,24.0,68.4925,0.608736,3.135531,4.035593,0.000155,6145.203,1.252671,30.449257
B0005,134,1.364783,24.0,68.2391,0.593047,3.176397,4.022881,0.000154,6300.938,2.141492,30.05146
B0005,135,1.354322,24.0,67.7161,0.586247,3.121435,4.039831,0.000156,6215.234,2.125784,29.83229
B0005,136,1.354642,24.0,67.7321,0.578567,3.116408,4.035593,0.000157,6274.531,2.188244,29.749204
B0005,137,1.354704,24.0,67.7352,0.580841,3.109562,4.044068,0.000157,6270.25,2.184132,30.125016
B0005,138,1.349315,24.0,67.4657,0.578906,3.133604,4.022881,0.000158,6276.766,2.157718,30.142009
B0005,139,1.344189,24.0,67.2095,0.571631,3.089704,4.022881,0.00016,6361.625,2.141844,29.843375
B0005,140,1.338991,24.0,66.9496,0.56363,3.086995,4.039831,0.000161,6388.141,2.140408,29.56448
B0005,141,1.338915,24.0,66.9457,0.55942,3.037739,4.052542,0.000162,6386.704,2.175256,29.574315
B0005,142,1.334007,24.0,66.7003,0.561257,3.113907,4.035593,0.000162,6385.094,2.14148,29.926917
B0005,143,1.328644,24.0,66.4322,0.556233,3.048198,4.052542,0.000163,6347.532,2.120952,29.766294
B0005,144,1.323171,24.0,66.1585,0.549074,2.991297,4.044068,0.000164,6420.375,2.123877,29.462747
B0005,145,1.318169,24.0,65.9085,0.541879,2.972575,4.044068,0.000166,6428.828,2.15135,29.271931
B0005,146,1.318466,24.0,65.9233,0.538702,2.983754,4.035593,0.000167,6419.109,2.203444,29.363557
B0005,147,1.318293,24.0,65.9147,0.540665,2.951307,4.027119,0.000166,6381.469,2.140923,29.663104
B0005,148,1.323872,24.0,66.1936,0.539496,2.938137,4.052542,0.000167,6437.11,2.158951,29.609552
B0005,149,1.360122,24.0,68.0061,0.524723,3.151145,4.035593,0.00016,6754.094,3.118976,29.240355
B0005,150,1.339531,24.0,66.9765,0.577972,3.145428,4.031356,0.000158,6384.125,2.10191,29.828616
B0005,151,1.329029,24.0,66.4514,0.563881,3.013172,4.039831,0.000161,6334.046,2.158246,29.749013
B0005,152,1.323674,24.0,66.1837,0.552853,3.027501,4.039831,0.000163,6335.829,2.132194,29.560275
B0005,153,1.318634,24.0,65.9317,0.545934,3.041832,4.044068,0.000165,6350.719,2.163278,29.475615
B0005,154,1.313475,24.0,65.6738,0.541637,3.050261,4.039831,0.000166,6376.047,2.158327,29.414812
B0005,155,1.313202,24.0,65.6601,0.536351,2.962082,4.044068,0.000167,6358.672,2.164887,29.395124
B0005,156,1.307796,24.0,65.3898,0.534015,2.928984,4.035593,0.000167,5831.25,2.167239,29.410028
B0005,157,1.303033,24.0,65.1516,0.529176,2.945227,4.044068,0.000169,6363.328,2.152584,29.314278
B0005,158,1.303357,24.0,65.1679,0.526815,2.894311,4.05678,0.000169,6370.922,2.175404,29.362572
B0005,159,1.30341,24.0,65.1705,0.525718,2.891598,4.048305,0.00017,6342.531,2.161927,29.41197
B0005,160,1.297887,24.0,64.8944,0.524899,2.917402,4.035593,0.00017,6410.36,2.147776,29.442961
B0005,161,1.298074,24.0,64.9037,0.520238,2.897507,4.05678,0.000171,6400.656,2.155253,29.42301
B0005,162,1.293464,24.0,64.6732,0.518082,2.849303,4.035593,0.000172,6381.484,2.155561,29.346694
B0005,163,1.288003,24.0,64.4002,0.51344,2.878428,4.061017,0.000172,6409.219,2.154091,29.392476
B0005,164,1.287453,24.0,64.3726,0.511799,2.862229,4.061017,0.000173,6371.406,2.173552,29.451853
B0005,165,1.309015,24.0,65.4508,0.510526,2.828608,4.048305,0.000174,6402.797,2.158235,29.487007
B0005,166,1.325079,24.0,66.254,0.529075,3.170183,4.052542,0.000163,6604.203,2.717105,29.072716
B0006,2,2.02514,24.0,101.257,1.07382,6.325818,3.988983,8.7e-05,5601.641,0.647487,31.874973
B0006,3,2.013326,24.0,100.6663,1.06734,6.157622,3.988983,8.8e-05,5632.156,0.596106,32.149173
B0006,4,2.013285,24.0,100.6642,1.056096,6.072922,3.99322,8.9e-05,5734.0,0.587513,32.017074
B0006,5,2.000528,24.0,100.0264,1.047082,6.025369,3.980508,9e-05,5458.437,0.573774,31.92107
B0006,6,2.013899,24.0,100.695,1.049665,6.237601,3.99322,9e-05,6011.203,0.482849,32.032402
B0006,7,2.013101,24.0,100.6551,1.038379,5.841061,3.988983,9.1e-05,5742.547,0.503048,32.002633
B0006,8,1.96879,24.0,98.4395,1.037215,5.810405,3.99322,9.1e-05,5643.328,0.4756,32.204361
B0006,9,1.968166,24.0,98.4083,1.028418,5.922764,3.984746,9.2e-05,5694.406,0.465359,32.089091
B0006,10,1.957231,24.0,97.8615,1.019762,5.741485,3.99322,9.3e-05,5716.797,0.424055,31.997731
B0006,11,1.945599,24.0,97.28,1.028134,5.807515,3.988983,9.2e-05,5716.39,0.205401,32.16534
B0006,12,1.934751,24.0,96.7375,0.922887,5.316982,3.988983,0.000103,5056.203,-0.434361,30.352216
B0006,13,1.92328,24.0,96.164,0.998532,5.564296,3.988983,9.5e-05,5296.844,0.222961,32.180602
B0006,14,1.91189,24.0,95.5945,0.990297,5.396103,3.997458,9.6e-05,5143.781,0.227026,32.076511
B0006,15,1.901067,24.0,95.0533,0.985476,5.428773,3.997458,9.6e-05,6040.469,0.150557,32.078489
B0006,16,1.889199,24.0,94.4599,0.990026,5.45797,3.988983,9.6e-05,5677.125,-0.033258,32.105342
B0006,17,1.878278,24.0,93.9139,0.989668,5.433057,4.001695,9.6e-05,5940.5,-0.14863,32.085858
B0006,18,1.86757,24.0,93.3785,0.965505,5.332828,3.99322,9.8e-05,5703.11,-0.001092,31.908831
B0006,19,1.867589,24.0,93.3795,0.960829,5.268417,3.99322,9.9e-05,5556.578,-0.065385,32.042697
B0006,20,1.979627,24.0,98.9813,1.055295,5.918529,3.99322,8.8e-05,5457.812,3.196617,28.597754
B0006,21,1.95755,24.0,97.8775,1.057832,5.954847,3.997458,8.8e-05,5376.578,3.128999,28.999939
B0006,22,1.945815,24.0,97.2908,1.048114,6.066035,3.950847,8.9e-05,5363.297,2.720837,28.954767
B0006,23,1.924246,24.0,96.2123,1.038657,5.966135,3.997458,9e-05,5583.547,2.658995,28.573881
B0006,24,1.945981,24.0,97.2991,1.028048,5.884179,4.001695,9.1e-05,5761.922,2.661403,28.354104
B0006,25,1.901408,24.0,95.0704,1.018747,5.74302,3.988983,9.2e-05,5966.156,2.606946,28.292384
B0006,26,1.878674,24.0,93.9337,1.010867,5.637262,4.001695,9.3e-05,5885.562,2.566995,28.21188
B0006,27,1.868306,24.0,93.4153,1.00802,5.64405,3.99322,9.3e-05,5517.75,2.555474,28.181746
B0006,28,1.856024,24.0,92.8012,0.996157,5.543078,4.001695,9.4e-05,5781.375,2.520208,28.075949
B0006,29,1.8452,24.0,92.26,0.988395,5.852521,4.001695,9.5e-05,5908.312,2.548551,28.099632
B0006,30,1.857229,24.0,92.8614,0.980614,5.487516,4.005932,9.6e-05,5241.297,2.544053,28.151034
B0006,31,1.882232,24.0,94.1116,0.994235,5.727661,3.99322,9.5e-05,5467.11,2.38153,28.482333
B0006,32,1.855277,24.0,92.7638,0.978995,5.506467,4.010169,9.6e-05,5464.078,2.211559,28.587108
B0006,33,1.839251,24.0,91.9625,0.9643,5.361684,4.001695,9.8e-05,5645.125,2.127303,28.294011
B0006,34,1.81854,24.0,90.927,0.954133,5.224053,4.005932,9.9e-05,5909.453,2.062525,27.9708
B0006,35,1.813477,24.0,90.6739,0.947384,5.090136,3.997458,0.0001,5680.266,2.244896,28.158792
B0006,36,1.797102,24.0,89.8551,0.938157,5.077859,4.001695,0.000101,5832.547,2.117226,28.401044
B0006,37,1.781005,24.0,89.0502,0.92752,5.037255,4.005932,0.000102,5923.562,2.165182,28.132231
B0006,38,1.771013,24.0,88.5507,0.917693,5.038202,4.010169,0.000103,6101.141,1.973572,27.96697
B0006,39,1.760471,24.0,88.0236,0.908295,4.902875,4.010169,0.000104,5607.594,1.933464,27.759574
B0006,40,1.750291,24.0,87.5146,0.901566,4.858713,4.010169,0.000105,5798.484,2.150705,28.315119
B0006,41,1.739493,24.0,86.9746,0.89521,4.942506,4.014407,0.000106,5864.906,2.13346,28.759435
B0006,42,1.754677,24.0,87.7338,0.885867,4.697315,4.027119,0.000107,6099.907,2.158954,28.681906
B0006,43,1.765939,24.0,88.297,0.92702,5.31802,4.014407,0.0001,6144.282,3.287693,28.544862
B0006,44,1.733789,24.0,86.6894,0.893673,4.850831,4.018644,0.000106,5830.391,2.068985,28.227586
B0006,45,1.713326,24.0,85.6663,0.87423,4.625469,4.031356,0.000108,6188.265,2.132642,28.067108
B0006,46,1.702408,24.0,85.1204,0.862112,4.520859,4.010169,0.00011,6247.031,2.144572,28.067128
B0006,47,1.823719,24.0,91.186,0.909982,5.213731,4.005932,0.000101,5624.657,3.110781,28.576959
B0006,48,1.808128,24.0,90.4064,0.949283,5.360842,4.001695,9.9e-05,5321.219,2.282693,30.708971
B0006,49,1.775761,24.0,88.7881,0.924441,5.17212,4.010169,0.000102,5786.062,2.17544,30.106699
B0006,50,1.744741,24.0,87.237,0.902552,4.906973,4.005932,0.000104,5966.375,2.174452,29.363373
B0006,51,1.729207,24.0,86.4604,0.886215,4.756042,4.018644,0.000106,5890.516,2.129671,29.053108
B0006,52,1.708109,24.0,85.4054,0.869003,4.699255,4.022881,0.000109,6117.281,2.145865,28.824608
B0006,53,1.697595,24.0,84.8798,0.858185,4.574584,4.022881,0.00011,6220.657,2.131121,29.043341
B0006,54,1.682063,24.0,84.1032,0.847852,4.546839,4.014407,0.000112,5943.313,2.114177,29.041517
B0006,55,1.671477,24.0,83.5738,0.834401,4.33513,4.018644,0.000114,6081.89,2.070296,28.954767
B0006,56,1.660759,24.0,83.038,0.822048,4.388657,4.022881,0.000115,6295.344,1.978159,28.827764
B0006,57,1.651121,24.0,82.5561,0.812243,4.193163,4.035593,0.000117,6439.14,2.062426,28.786886
B0006,58,1.640135,24.0,82.0067,0.806705,4.324572,4.027119,0.000118,6001.328,2.106814,29.207075
B0006,59,1.6292,24.0,81.46,0.794263,4.114581,4.035593,0.000119,6485.0,2.107721,29.185541
B0006,60,1.60885,24.0,80.4425,0.782229,4.037924,4.027119,0.000121,6473.187,1.977727,29.094563
B0006,61,1.603524,24.0,80.1762,0.76808,3.964107,4.035593,0.000123,6456.531,2.016454,28.972067
B0006,62,1.598971,24.0,79.9486,0.757901,4.03976,4.022881,0.000125,6564.844,2.017428,28.849414
B0006,63,1.587627,24.0,79.3814,0.753082,3.870537,4.035593,0.000126,6274.765,2.022286,29.329114
B0006,64,1.582972,24.0,79.1486,0.742923,3.779084,4.031356,0.000127,6575.156,1.755742,29.176042
B0006,65,1.567138,24.0,78.3569,0.729842,4.017725,4.039831,0.000129,6389.047,1.844497,29.061813
B0006,66,1.561345,24.0,78.0672,0.717417,3.730557,4.022881,0.000131,6482.906,1.85897,28.902663
B0006,67,1.551171,24.0,77.5586,0.706692,3.722983,4.044068,0.000133,6343.563,1.84281,28.837699
B0006,68,1.540674,24.0,77.0337,0.696336,3.60984,4.035593,0.000134,6280.828,1.83068,28.879493
B0006,69,1.525314,24.0,76.2657,0.688197,3.58595,4.044068,0.000136,6737.328,1.831376,28.950384
B0006,70,1.530157,24.0,76.5079,0.679755,3.518322,4.027119,0.000137,6967.437,1.841304,28.932627
B0006,71,1.524657,24.0,76.2328,0.667677,3.56953,4.048305,0.000139,6853.015,1.819894,28.908083
B0006,72,1.514549,24.0,75.7275,0.658284,3.41431,4.044068,0.000141,6630.078,1.81057,28.89162
B0006,73,1.509392,24.0,75.4696,0.646875,3.405484,4.05678,0.000143,6432.922,1.809064,28.906891
B0006,74,1.503997,24.0,75.1999,0.638534,3.435358,4.048305,0.000144,6679.547,1.783567,28.864999
B0006,75,1.49352,24.0,74.676,0.630238,3.402627,4.027119,0.000146,6602.843,1.792044,28.797863
B0006,76,1.487632,24.0,74.3816,0.61919,3.418166,4.061017,0.000148,6995.625,1.782906,28.740808
B0006,77,1.530288,24.0,76.5144,0.585709,3.573858,4.048305,0.000142,7176.563,2.836668,29.030891
B0006,78,1.504076,24.0,75.2038,0.645032,3.428767,4.061017,0.000143,6794.406,1.731874,29.111993
B0006,79,1.488759,24.0,74.438,0.616569,3.382824,4.069492,0.000148,7063.375,1.850655,28.548022
B0006,80,1.478278,24.0,73.9139,0.602471,3.294292,4.052542,0.000151,7148.438,1.879048,28.44054
B0006,81,1.47846,24.0,73.923,0.594896,3.278937,4.05678,0.000152,6845.454,1.903874,28.739843
B0006,82,1.473215,24.0,73.6607,0.593731,3.324225,4.061017,0.000152,6575.781,1.903421,29.323807
B0006,83,1.467516,24.0,73.3758,0.586777,3.252262,4.05678,0.000154,6630.062,1.82785,29.283363
B0006,84,1.451629,24.0,72.5815,0.57732,3.21801,4.05678,0.000156,7153.969,1.817756,29.144799
B0006,85,1.451924,24.0,72.5962,0.563702,3.199591,4.069492,0.00016,7153.516,1.748177,28.784111
B0006,86,1.447148,24.0,72.3574,0.552502,3.099823,4.082203,0.000162,7201.281,1.901976,28.679484
B0006,87,1.446854,24.0,72.3427,0.553155,3.141312,4.077966,0.000161,7082.265,1.844593,29.195808
B0006,88,1.441674,24.0,72.0837,0.553003,3.128614,4.069492,0.000162,7187.25,1.806505,29.373049
B0006,89,1.54639,24.0,77.3195,0.604904,3.646155,4.052542,0.000139,6735.438,2.827376,29.147527
B0006,90,1.514706,24.0,75.7353,0.653822,3.537057,4.061017,0.00014,6854.641,1.724654,29.818833
B0006,91,1.498979,24.0,74.9489,0.627272,3.456021,4.05678,0.000145,6965.469,1.69083,29.655106
B0006,92,1.483111,24.0,74.1556,0.607058,3.363614,4.061017,0.000149,6976.64,1.644049,29.390309
B0006,93,1.472966,24.0,73.6483,0.587785,3.344716,4.065254,0.000152,6936.609,1.707574,29.205478
B0006,94,1.46276,24.0,73.138,0.576538,3.251099,4.069492,0.000155,7073.14,1.696882,29.153217
B0006,95,1.451836,24.0,72.5918,0.567162,3.276631,4.061017,0.000157,6697.89,1.696024,29.225245
B0006,96,1.446867,24.0,72.3434,0.558419,3.152481,4.073729,0.000159,7042.812,1.688472,29.215806
B0006,97,1.44138,24.0,72.069,0.550109,3.211584,4.065254,0.000161,6778.328,1.673193,29.223281
B0006,98,1.431211,24.0,71.5605,0.541851,3.244993,4.073729,0.000163,6715.594,1.679707,29.231873
B0006,99,1.426025,24.0,71.3012,0.534976,3.133106,4.082203,0.000165,7186.0,1.677834,29.272601
B0006,100,1.420488,24.0,71.0244,0.52952,3.056851,4.082203,0.000166,6657.829,1.663486,29.241857
B0006,101,1.420701,24.0,71.035,0.520586,3.041559,4.077966,0.000168,7132.281,1.663608,29.203986
B0006,102,1.452256,24.0,72.6128,0.512592,3.332654,4.069492,0.00016,7331.969,2.572001,29.530053
B0006,103,1.431558,24.0,71.5779,0.557937,3.181924,4.05678,0.000159,6691.031,1.630742,30.003137
B0006,104,1.415016,24.0,70.7508,0.536637,3.121504,4.082203,0.000164,6809.406,1.620661,29.808178
B0006,105,1.409731,24.0,70.4866,0.525193,3.119149,4.065254,0.000167,6720.953,1.61917,29.642738
B0006,106,1.404917,24.0,70.2459,0.510357,3.047067,4.086441,0.000171,7238.625,1.609995,29.424227
B0006,107,1.395164,24.0,69.7582,0.503458,3.0068,4.061017,0.000172,7260.64,1.648303,29.528182
B0006,108,1.394534,24.0,69.7267,0.502685,2.99293,4.077966,0.000173,7092.344,1.658272,29.841441
B0006,109,1.389317,24.0,69.4659,0.495572,2.987288,4.073729,0.000175,7161.234,1.600543,29.814016
B0006,110,1.383838,24.0,69.1919,0.483994,2.931699,4.065254,0.000178,6928.344,1.593205,29.432439
B0006,111,1.373681,24.0,68.6841,0.479602,3.033603,4.082203,0.000179,7172.219,1.651622,29.526379
B0006,112,1.378606,24.0,68.9303,0.480465,2.879993,4.082203,0.000179,6974.5,1.619592,29.785785
B0006,113,1.37376,24.0,68.688,0.478396,2.955796,4.065254,0.000179,6771.625,1.590261,29.938016
B0006,114,1.368258,24.0,68.4129,0.470726,2.93202,4.077966,0.000182,7245.063,1.572358,29.715785
B0006,115,1.363302,24.0,68.1651,0.461895,2.910186,4.082203,0.000184,7262.703,1.556557,29.466866
B0006,116,1.358097,24.0,67.9048,0.455973,2.826763,4.082203,0.000186,7144.75,1.596426,29.44904
B0006,117,1.353269,24.0,67.6635,0.457235,2.865419,4.069492,0.000186,6772.5,1.609841,29.801856
B0006,118,1.384161,24.0,69.208,0.461438,2.846684,4.082203,0.000185,7181.672,1.60649,30.136443
B0006,119,1.405147,24.0,70.2573,0.501715,3.140778,4.073729,0.000168,7098.375,2.200438,29.904597
B0006,120,1.378719,24.0,68.936,0.506032,3.075882,4.073729,0.000172,7067.094,1.548127,30.096384
B0006,121,1.368266,24.0,68.4133,0.482372,2.953346,4.073729,0.000178,7135.406,1.527692,29.633427
B0006,122,1.357315,24.0,67.8658,0.465619,2.926934,4.073729,0.000183,6853.984,1.556234,29.362319
B0006,123,1.352493,24.0,67.6247,0.457416,2.834993,4.086441,0.000185,7164.453,1.552832,29.30429
B0006,124,1.34741,24.0,67.3705,0.449256,2.877232,4.077966,0.000187,6886.312,1.568647,29.266472
B0006,125,1.337008,24.0,66.8504,0.443146,2.816292,4.086441,0.00019,7137.859,1.555399,29.274548
B0006,126,1.331235,24.0,66.5618,0.43691,2.779367,4.077966,0.000192,7166.984,1.544945,29.173428
B0006,127,1.32593,24.0,66.2965,0.430609,2.724617,4.090678,0.000194,7158.891,1.540949,29.053262
B0006,128,1.321579,24.0,66.0789,0.424518,2.796358,4.077966,0.000196,6855.422,1.550126,29.018351
B0006,129,1.326013,24.0,66.3006,0.460358,2.759932,4.086441,0.000189,7005.016,0.619876,29.673206
B0007,2,1.880637,24.0,94.0319,0.98502,5.597722,4.001695,9.3e-05,5255.625,0.993849,30.577385
B0007,3,1.880663,24.0,94.0331,0.964834,5.493624,3.997458,9.6e-05,5128.109,1.209883,30.663769
B0007,4,1.880771,24.0,94.0385,0.968457,5.419072,3.988983,9.6e-05,5122.594,1.092026,30.792246
B0007,5,1.879451,24.0,93.9725,0.968838,5.446893,3.988983,9.6e-05,5072.844,0.982031,30.893424
B0007,6,1.8807,24.0,94.035,0.963669,5.468363,3.99322,9.6e-05,5118.906,1.075523,30.821168
B0007,7,1.879935,24.0,93.9968,0.955041,5.538186,3.988983,9.7e-05,5073.437,1.325384,30.421911
B0007,8,1.881509,24.0,94.0754,0.953314,5.320977,3.984746,9.7e-05,4920.359,1.335515,30.518431
B0007,9,1.869691,24.0,93.4845,0.952153,5.432687,3.99322,9.8e-05,4987.766,1.145928,31.081278
B0007,10,1.870052,24.0,93.5026,0.950992,5.294589,3.997458,9.8e-05,4930.078,1.050001,31.240664
B0007,11,1.870044,24.0,93.5022,0.951986,5.311762,3.984746,9.8e-05,4970.234,0.98799,31.220977
B0007,12,1.859652,24.0,92.9826,0.889574,4.849642,3.980508,0.000105,4905.296,0.148615,30.225464
B0007,13,1.859075,24.0,92.9537,0.944318,5.299415,3.99322,9.9e-05,4889.5,0.922868,31.747378
B0007,14,1.859008,24.0,92.9504,0.942994,5.245428,3.99322,9.9e-05,4906.422,0.885185,31.779134
B0007,15,1.859362,24.0,92.9681,0.946998,5.376401,3.984746,9.9e-05,4902.922,0.78284,31.742574
B0007,16,1.858736,24.0,92.9368,0.938664,5.250281,3.984746,9.9e-05,4881.328,0.895252,31.367092
B0007,17,1.847817,24.0,92.3909,0.936186,5.220836,3.997458,0.0001,4911.984,0.840485,31.548325
B0007,18,1.848525,24.0,92.4263,0.93712,5.129947,3.980508,0.0001,4892.219,0.748935,31.877732
B0007,19,1.848379,24.0,92.4189,0.933064,5.13159,3.984746,0.0001,4916.281,0.801547,31.648274
B0007,20,1.880781,24.0,94.039,1.006958,5.767182,3.959322,9.1e-05,4983.125,3.809437,28.797587
B0007,21,1.881472,24.0,94.0736,1.008269,5.974335,3.99322,9.1e-05,4854.531,3.420516,29.156412
B0007,22,1.881095,24.0,94.0548,1.003772,5.655813,3.950847,9.2e-05,4869.875,3.095389,29.154423
B0007,23,1.871009,24.0,93.5504,0.986534,5.702993,3.99322,9.3e-05,4826.187,3.149195,28.714818
B0007,24,1.8702,24.0,93.51,0.986223,5.7259,3.988983,9.3e-05,4862.922,3.148599,28.533877
B0007,25,1.870672,24.0,93.5336,0.991879,5.686492,3.99322,9.3e-05,4860.359,3.093174,28.461616
B0007,26,1.859612,24.0,92.9806,0.980881,5.709896,3.988983,9.4e-05,4868.657,3.129312,28.386931
B0007,27,1.860034,24.0,93.0017,0.980612,5.657673,3.99322,9.4e-05,4878.297,3.114347,28.336535
B0007,28,1.859165,24.0,92.9583,0.976144,5.686653,3.99322,9.4e-05,4849.579,3.129455,28.234651
B0007,29,1.84814,24.0,92.407,0.974146,5.56514,3.997458,9.4e-05,4853.844,3.136848,28.256499
B0007,30,1.849202,24.0,92.4601,0.975699,5.555293,3.988983,9.4e-05,4845.438,3.111072,28.319211
B0007,31,1.862821,24.0,93.1411,0.976416,5.697531,3.988983,9.6e-05,4718.0,3.004396,28.734782
B0007,32,1.852085,24.0,92.6043,0.972171,5.54669,3.984746,9.7e-05,4804.734,2.932204,28.820227
B0007,33,1.84695,24.0,92.3475,0.967512,5.560674,3.99322,9.7e-05,4828.141,2.740867,28.46527
B0007,34,1.836828,24.0,91.8414,0.964117,5.529728,3.988983,9.7e-05,4870.953,2.768334,28.200378
B0007,35,1.837162,24.0,91.8581,0.963702,5.488761,3.99322,9.8e-05,4874.11,2.967097,28.459241
B0007,36,1.831672,24.0,91.5836,0.961348,5.42018,3.988983,9.8e-05,4847.953,2.781992,28.634606
B0007,37,1.821147,24.0,91.0574,0.959065,5.464748,3.984746,9.8e-05,4839.172,2.807097,28.36439
B0007,38,1.816506,24.0,90.8253,0.953613,5.414603,3.997458,9.9e-05,4920.797,2.793622,28.159421
B0007,39,1.811382,24.0,90.5691,0.949845,5.417261,3.988983,9.9e-05,4940.985,2.687008,28.013073
B0007,40,1.811606,24.0,90.5803,0.94907,5.345155,3.997458,9.9e-05,4921.86,2.856886,28.536212
B0007,41,1.806055,24.0,90.3027,0.948175,5.472019,3.988983,0.0001,4885.563,2.749317,28.941934
B0007,42,1.813204,24.0,90.6602,0.944799,5.176055,3.988983,0.0001,4900.672,2.730158,28.845042
B0007,43,1.806264,24.0,90.3132,0.970335,5.400755,3.988983,9.7e-05,4920.453,3.896891,28.650269
B0007,44,1.795831,24.0,89.7916,0.947907,5.291604,3.988983,0.0001,4934.578,2.738692,28.293153
B0007,45,1.785885,24.0,89.2943,0.943609,5.210215,3.99322,0.0001,4992.797,2.773934,28.158219
B0007,46,1.780327,24.0,89.0163,0.939066,5.270252,3.988983,0.0001,5001.141,2.734525,28.140523
B0007,47,1.815076,24.0,90.7538,0.964789,5.31476,3.99322,9.7e-05,4880.671,3.809816,28.75986
B0007,48,1.815703,24.0,90.7851,0.95879,5.484179,3.988983,0.0001,4642.469,2.954726,30.837344
B0007,49,1.800243,24.0,90.0122,0.952449,5.33925,3.942373,0.0001,4720.266,2.944766,30.25618
B0007,50,1.790448,24.0,89.5224,0.946136,5.327085,3.988983,0.0001,4807.563,2.928473,29.511842
B0007,51,1.780343,24.0,89.0172,0.941081,5.37525,3.988983,0.000101,4885.297,2.838735,29.200173
B0007,52,1.775329,24.0,88.7664,0.936111,5.103045,3.988983,0.000101,4931.359,2.841711,29.003661
B0007,53,1.770263,24.0,88.5131,0.933727,5.306052,3.950847,0.000101,4927.438,2.805041,29.209814
B0007,54,1.760081,24.0,88.0041,0.929713,5.114342,3.950847,0.000102,4951.047,2.71052,29.180418
B0007,55,1.749648,24.0,87.4824,0.924986,5.185163,3.99322,0.000102,4983.454,2.762505,29.118448
B0007,56,1.74965,24.0,87.4825,0.923054,5.128635,3.99322,0.000102,5027.437,2.638,28.99357
B0007,57,1.745029,24.0,87.2514,0.919872,5.042522,3.99322,0.000103,5009.235,2.710715,28.966043
B0007,58,1.739646,24.0,86.9823,0.917126,5.010436,3.99322,0.000103,5051.25,2.725804,29.376515
B0007,59,1.728564,24.0,86.4282,0.913143,5.065598,3.997458,0.000104,5026.891,2.667564,29.326965
B0007,60,1.7239,24.0,86.195,0.90914,5.008792,3.988983,0.000104,5074.141,2.574266,29.227532
B0007,61,1.713979,24.0,85.6989,0.905468,4.88827,3.997458,0.000105,5134.937,2.59414,29.12071
B0007,62,1.71397,24.0,85.6985,0.901686,4.865996,3.997458,0.000105,5129.734,2.60097,29.023106
B0007,63,1.703652,24.0,85.1826,0.898052,4.86831,3.988983,0.000106,5132.297,2.587451,29.465744
B0007,64,1.704014,24.0,85.2007,0.894108,4.894775,3.99322,0.000106,5112.828,2.278964,29.509744
B0007,65,1.693572,24.0,84.6786,0.891039,4.911487,3.997458,0.000106,5161.781,2.452605,29.387918
B0007,66,1.687658,24.0,84.3829,0.88593,4.814947,3.99322,0.000107,5162.265,2.452571,29.246316
B0007,67,1.683074,24.0,84.1537,0.880732,4.810004,3.988983,0.000107,5225.547,2.44721,29.172753
B0007,68,1.677927,24.0,83.8964,0.877233,4.749171,3.99322,0.000108,5208.75,2.414587,29.21476
B0007,69,1.673206,24.0,83.6603,0.873107,4.63511,4.005932,0.000108,5248.516,2.441702,29.262929
B0007,70,1.667437,24.0,83.3718,0.868838,4.820716,3.997458,0.000109,5271.5,2.404038,29.246356
B0007,71,1.662266,24.0,83.1133,0.865905,4.645219,3.984746,0.000109,5289.375,2.389161,29.246891
B0007,72,1.657424,24.0,82.8712,0.861767,4.595488,3.984746,0.00011,5341.094,2.367894,29.227148
B0007,73,1.652539,24.0,82.6269,0.858555,4.590366,3.99322,0.00011,5317.016,2.34392,29.242581
B0007,74,1.647217,24.0,82.3609,0.854592,4.701763,3.988983,0.000111,5359.5,2.367517,29.205805
B0007,75,1.636414,24.0,81.8207,0.849657,4.604257,4.001695,0.000111,5379.86,2.299446,29.150275
B0007,76,1.636255,24.0,81.8128,0.844406,4.567202,3.99322,0.000112,5376.359,2.262497,29.069744
B0007,77,1.641119,24.0,82.056,0.857858,4.624934,3.980508,0.000109,5393.359,3.58357,29.345337
B0007,78,1.63157,24.0,81.5785,0.84521,4.592626,3.99322,0.000112,5387.703,2.307455,29.227319
B0007,79,1.621213,24.0,81.0607,0.835444,4.498373,4.001695,0.000113,5460.219,2.276621,28.734579
B0007,80,1.616427,24.0,80.8214,0.830456,4.399848,3.988983,0.000113,5462.75,2.319866,28.661366
B0007,81,1.615824,24.0,80.7912,0.828205,4.522521,3.997458,0.000114,5502.328,2.324908,29.001402
B0007,82,1.616724,24.0,80.8362,0.828595,4.421642,3.99322,0.000114,5471.64,2.306838,29.537311
B0007,83,1.610866,24.0,80.5433,0.824123,4.427822,3.99322,0.000114,5480.266,2.244688,29.488543
B0007,84,1.60066,24.0,80.033,0.819254,4.404661,3.988983,0.000115,5446.937,2.213321,29.344957
B0007,85,1.595917,24.0,79.7959,0.812588,4.305011,4.001695,0.000116,5527.922,2.116602,28.997287
B0007,86,1.596218,24.0,79.8109,0.811292,4.423283,3.997458,0.000116,5585.625,2.288333,28.942765
B0007,87,1.595807,24.0,79.7903,0.809278,4.370457,4.001695,0.000116,5535.156,2.243398,29.435653
B0007,88,1.590651,24.0,79.5325,0.807741,4.297668,4.001695,0.000117,5522.578,2.210806,29.629351
B0007,89,1.625994,24.0,81.2997,0.851089,4.670482,4.005932,0.00011,5391.047,3.693179,29.492382
B0007,90,1.615743,24.0,80.7872,0.842157,4.467759,3.99322,0.000112,5355.407,2.365729,30.056355
B0007,91,1.605663,24.0,80.2831,0.832905,4.511874,4.001695,0.000113,5397.36,2.263256,29.921715
B0007,92,1.594975,24.0,79.7487,0.824652,4.384658,3.997458,0.000114,5396.844,2.229802,29.685947
B0007,93,1.59041,24.0,79.5205,0.815918,4.373503,4.001695,0.000115,5464.531,2.234702,29.528939
B0007,94,1.585352,24.0,79.2676,0.811119,4.333407,4.001695,0.000116,5516.953,2.213549,29.48926
B0007,95,1.579974,24.0,78.9987,0.807593,4.353377,4.001695,0.000116,5440.765,2.202373,29.555664
B0007,96,1.575219,24.0,78.7609,0.803933,4.323779,4.001695,0.000117,5524.891,2.189782,29.573585
B0007,97,1.569798,24.0,78.4899,0.799807,4.215899,4.010169,0.000118,5532.219,2.175234,29.574505
B0007,98,1.570257,24.0,78.5128,0.795883,4.233601,3.997458,0.000118,5553.969,2.17878,29.597025
B0007,99,1.56525,24.0,78.2625,0.79244,4.326196,4.010169,0.000119,5548.031,2.190722,29.608388
B0007,100,1.559634,24.0,77.9817,0.791148,4.273426,4.005932,0.000119,5594.031,2.135177,29.610573
B0007,101,1.564982,24.0,78.2491,0.786774,4.190478,4.018644,0.000119,5589.641,2.120564,29.581958
B0007,102,1.574979,24.0,78.749,0.805185,4.367966,4.005932,0.000115,5635.406,3.430942,29.869816
B0007,103,1.565281,24.0,78.2641,0.798483,4.217803,3.997458,0.000118,5570.469,2.189764,30.286248
B0007,104,1.559755,24.0,77.9878,0.792904,4.240919,4.005932,0.000119,5539.781,2.147834,30.115366
B0007,105,1.549898,24.0,77.4949,0.784136,4.185297,4.005932,0.00012,5583.437,2.149905,29.940843
B0007,106,1.543877,24.0,77.1939,0.779683,4.262302,4.005932,0.00012,5611.219,2.125098,29.783065
B0007,107,1.545019,24.0,77.2509,0.776034,4.127188,4.010169,0.000121,5636.75,2.168114,29.877944
B0007,108,1.544594,24.0,77.2297,0.776046,4.090969,4.005932,0.000121,5633.75,2.175277,30.197015
B0007,109,1.534309,24.0,76.7154,0.771082,4.141208,4.005932,0.000122,5620.969,2.099394,30.16492
B0007,110,1.52876,24.0,76.438,0.765507,4.134461,4.010169,0.000122,5655.797,2.102215,29.809178
B0007,111,1.528926,24.0,76.4463,0.762074,4.096387,3.997458,0.000123,5713.703,2.149076,29.89283
B0007,112,1.529092,24.0,76.4546,0.761265,4.080205,4.001695,0.000123,5654.969,2.134554,30.164464
B0007,113,1.523906,24.0,76.1953,0.762253,4.047742,4.005932,0.000123,5609.531,2.050216,30.306727
B0007,114,1.518668,24.0,75.9334,0.757505,4.09684,3.988983,0.000123,5676.688,2.056497,30.10907
B0007,115,1.513648,24.0,75.6824,0.751433,4.005857,4.014407,0.000124,5703.672,2.031932,29.882841
B0007,116,1.513605,24.0,75.6803,0.747721,3.984901,4.010169,0.000125,5752.25,2.075364,29.861275
B0007,117,1.513947,24.0,75.6974,0.748157,3.960244,3.997458,0.000125,5713.719,2.095126,30.190535
B0007,118,1.53396,24.0,76.698,0.748336,3.949847,4.010169,0.000125,5697.078,2.077376,30.514708
B0007,119,1.539137,24.0,76.9569,0.77973,4.227545,4.010169,0.000119,5708.781,2.862642,30.118987
B0007,120,1.523625,24.0,76.1812,0.765878,4.199175,4.001695,0.000122,5610.813,2.079446,30.279996
B0007,121,1.513581,24.0,75.6791,0.757865,3.9835,4.005932,0.000123,5615.234,2.017085,29.884417
B0007,122,1.507785,24.0,75.3893,0.748619,3.986508,4.027119,0.000125,5719.016,2.046357,29.63091
B0007,123,1.503196,24.0,75.1598,0.743389,3.964006,4.001695,0.000125,5712.703,2.051199,29.59813
B0007,124,1.497822,24.0,74.8911,0.7396,3.96911,4.014407,0.000126,5767.641,2.027811,29.564284
B0007,125,1.492849,24.0,74.6424,0.734559,3.883335,4.005932,0.000126,5764.125,2.028977,29.569687
B0007,126,1.492414,24.0,74.6207,0.730753,3.933491,4.022881,0.000127,5755.375,2.020155,29.477072
B0007,127,1.487483,24.0,74.3741,0.72493,3.890552,4.018644,0.000128,5753.329,1.987566,29.374915
B0007,128,1.482535,24.0,74.1268,0.724757,3.840405,4.005932,0.000128,5796.204,1.987687,29.358312
B0007,129,1.482787,24.0,74.1394,0.720799,3.934721,4.014407,0.000128,5793.891,2.001942,29.383572
B0007,130,1.476971,24.0,73.8486,0.717013,3.789596,4.022881,0.000129,5806.594,2.018945,29.380641
B0007,131,1.481902,24.0,74.0951,0.714341,3.878824,4.014407,0.000129,5859.203,1.987974,29.307071
B0007,132,1.498137,24.0,74.9068,0.730912,4.021333,4.005932,0.000124,5929.375,3.239319,29.669057
B0007,133,1.482078,24.0,74.1039,0.721602,3.827762,4.018644,0.00013,5683.219,0.805309,30.050888
B0007,134,1.477116,24.0,73.8558,0.720084,3.863545,4.010169,0.000128,5808.61,1.976007,29.649443
B0007,135,1.472077,24.0,73.6039,0.714576,3.801887,4.022881,0.000129,5853.859,1.904852,29.390819
B0007,136,1.472248,24.0,73.6124,0.71132,3.770109,4.022881,0.00013,5840.547,1.984149,29.386941
B0007,137,1.467011,24.0,73.3505,0.709967,3.77802,4.018644,0.00013,5792.078,1.999556,29.7326
B0007,138,1.461767,24.0,73.0884,0.708463,3.818698,4.014407,0.00013,5827.25,1.976432,29.774982
B0007,139,1.456695,24.0,72.8348,0.702681,3.782259,4.010169,0.000131,5857.984,1.951063,29.490552
B0007,140,1.451355,24.0,72.5677,0.695729,3.797461,4.018644,0.000132,5872.515,1.920802,29.190164
B0007,141,1.451616,24.0,72.5808,0.692675,3.811912,4.010169,0.000133,5911.718,1.992429,29.208672
B0007,142,1.446816,24.0,72.3408,0.692695,3.751656,4.018644,0.000133,5849.266,1.936526,29.45361
B0007,143,1.446757,24.0,72.3379,0.688869,3.683447,4.031356,0.000133,5895.969,1.958012,29.400216
B0007,144,1.44138,24.0,72.069,0.68514,3.666184,4.014407,0.000134,5965.89,1.93778,29.113407
B0007,145,1.436246,24.0,71.8123,0.679671,3.629683,4.005932,0.000135,5998.297,1.947756,28.907802
B0007,146,1.436815,24.0,71.8408,0.676083,3.610257,4.027119,0.000135,5974.125,1.985159,28.994034
B0007,147,1.436295,24.0,71.8147,0.677229,3.652779,4.014407,0.000135,5950.562,1.961625,29.236235
B0007,148,1.441858,24.0,72.0929,0.67489,3.61208,4.022881,0.000135,5959.75,1.945583,29.260162
B0007,149,1.467206,24.0,73.3603,0.682821,3.936843,4.031356,0.000129,6094.609,3.426265,28.954664
B0007,150,1.451864,24.0,72.5932,0.703579,3.786153,4.022881,0.000131,5873.391,1.967129,29.429436
B0007,151,1.447138,24.0,72.3569,0.694774,3.71732,4.027119,0.000132,5891.125,1.934315,29.365755
B0007,152,1.441791,24.0,72.0895,0.685848,3.689315,4.022881,0.000134,5890.547,1.948957,29.181562
B0007,153,1.431631,24.0,71.5815,0.680477,3.627421,4.027119,0.000134,5919.484,1.974964,29.110619
B0007,154,1.431808,24.0,71.5904,0.675964,3.63605,4.014407,0.000135,5918.422,1.94861,29.065552
B0007,155,1.426256,24.0,71.3128,0.674535,3.697283,4.031356,0.000136,5930.953,1.953557,29.045853
B0007,156,1.426088,24.0,71.3044,0.669303,3.674816,4.027119,0.000136,5925.953,1.969633,29.056183
B0007,157,1.421263,24.0,71.0632,0.665248,3.703838,4.035593,0.000137,5970.063,1.942897,28.985323
B0007,158,1.416327,24.0,70.8164,0.663593,3.665939,4.022881,0.000137,5934.859,1.949238,29.028143
B0007,159,1.416578,24.0,70.8289,0.660923,3.5557,4.035593,0.000138,5963.125,1.983216,29.068829
B0007,160,1.41084,24.0,70.542,0.660667,3.580191,4.031356,0.000138,5955.657,1.949593,29.117314
B0007,161,1.410995,24.0,70.5497,0.655665,3.535798,4.014407,0.000139,5976.922,1.954072,29.085225
B0007,162,1.406171,24.0,70.3086,0.654065,3.51859,4.027119,0.000139,5970.594,1.957044,29.02105
B0007,163,1.406336,24.0,70.3168,0.65018,3.608104,4.027119,0.000139,6012.453,1.984924,29.067549
B0007,164,1.400455,24.0,70.0228,0.649695,3.508566,4.052542,0.00014,5971.579,1.968504,29.140095
B0007,165,1.421787,24.0,71.0893,0.645984,3.5412,4.031356,0.00014,5973.093,1.959813,29.162879
B0007,166,1.432455,24.0,71.6228,0.67042,3.811691,4.022881,0.000133,6134.438,2.62602,28.656686
B0018,1,1.843196,24.0,92.1598,0.997064,5.730624,4.001695,9.4e-05,5239.032,3.595761,28.630658
B0018,2,1.839602,24.0,91.9801,0.963523,5.498812,4.001695,9.9e-05,4737.187,2.36658,28.510311
B0018,3,1.830674,24.0,91.5337,0.959669,5.417905,4.005932,9.9e-05,5018.25,2.32174,27.94743
B0018,4,1.8327,24.0,91.635,0.979042,5.40113,4.005932,9.6e-05,5129.36,3.71636,28.18235
B0018,5,1.828529,24.0,91.4264,0.90512,4.858292,3.988983,0.000108,4808.625,-0.782358,36.186651
B0018,6,1.821201,24.0,91.0601,0.901137,4.822367,3.997458,0.000108,4866.579,-0.843447,36.139354
B0018,7,1.81517,24.0,90.7585,0.895193,4.729219,3.99322,0.000109,4943.047,-0.868749,35.464206
B0018,8,1.804298,24.0,90.2149,0.889692,4.761629,3.99322,0.000109,4980.89,-0.934529,35.219778
B0018,9,1.8231,24.0,91.155,0.96706,5.321205,4.010169,9.7e-05,5112.187,3.532338,27.550808
B0018,10,1.812125,24.0,90.6063,0.897397,4.862293,3.99322,0.000109,4779.718,-0.804368,35.443329
B0018,11,1.804692,24.0,90.2346,0.892587,4.776723,3.99322,0.000109,4795.562,-0.86573,35.517942
B0018,12,1.790844,24.0,89.5422,0.886374,4.818981,3.99322,0.00011,4892.391,-0.943743,35.081543
B0018,13,1.783471,24.0,89.1735,0.879096,4.716399,3.99322,0.000111,4822.344,-1.032785,34.460585
B0018,14,1.780939,24.0,89.0469,0.944894,5.178915,3.963559,0.0001,4965.765,3.278648,27.337713
B0018,15,1.771209,24.0,88.5605,0.873177,4.626265,3.988983,0.000112,4775.25,-0.95399,34.690433
B0018,16,1.76863,24.0,88.4315,0.871451,4.59852,3.988983,0.000112,4927.953,-0.92832,35.105681
B0018,17,1.75363,24.0,87.6815,0.864719,4.497939,3.988983,0.000113,4903.703,-1.080593,35.055335
B0018,18,1.74622,24.0,87.311,0.857812,4.51689,4.001695,0.000114,5024.813,-1.106866,34.250233
B0018,19,1.737665,24.0,86.8832,0.905995,5.006527,3.959322,0.000106,5164.75,2.148413,27.304849
B0018,20,1.731517,24.0,86.5758,0.845501,4.403681,3.997458,0.000115,5007.5,-1.319702,33.745085
B0018,21,1.708595,24.0,85.4297,0.83891,4.412662,3.997458,0.000116,5025.016,-1.300562,33.430444
B0018,22,1.71147,24.0,85.5735,0.835859,4.399273,3.997458,0.000117,4952.172,-1.22731,33.175686
B0018,23,1.707502,24.0,85.3751,0.828597,4.384664,4.001695,0.000117,4998.469,-1.37075,33.25753
B0018,24,1.749238,24.0,87.4619,0.904768,5.034694,3.972034,0.000104,4933.094,3.261693,26.46364
B0018,25,1.73277,24.0,86.6385,0.847332,4.427516,3.997458,0.000115,5014.859,-1.06264,33.774955
B0018,26,1.722231,24.0,86.1116,0.841336,4.420282,4.005932,0.000116,4642.235,-1.076511,34.426434
B0018,27,1.711846,24.0,85.5923,0.836611,4.357011,3.955085,0.000117,4918.234,-1.118722,34.358605
B0018,28,1.699268,24.0,84.9634,0.828423,4.308717,3.959322,0.000118,4933.266,-1.217368,34.202408
B0018,29,1.694037,24.0,84.7018,0.872309,4.716087,3.959322,0.00011,5210.938,2.108266,27.962965
B0018,30,1.681903,24.0,84.0951,0.814949,4.21663,4.001695,0.00012,4964.453,-1.33982,33.690112
B0018,31,1.676977,24.0,83.8489,0.807935,4.12242,4.001695,0.000121,4954.0,-1.347946,33.651128
B0018,32,1.665523,24.0,83.2761,0.804224,4.114484,4.001695,0.000121,5174.938,-1.367323,34.065731
B0018,33,1.657192,24.0,82.8596,0.79836,4.069459,3.997458,0.000122,5169.281,-1.417444,34.043827
B0018,34,1.648224,24.0,82.4112,0.840276,4.51269,4.010169,0.000114,5383.735,1.99663,28.007673
B0018,35,1.63877,24.0,81.9385,0.783999,3.990266,4.010169,0.000124,5128.671,-1.5894,33.646854
B0018,36,1.627649,24.0,81.3824,0.776488,3.963314,4.010169,0.000126,5254.797,-1.671389,33.54043
B0018,37,1.622154,24.0,81.1077,0.770405,3.910859,4.005932,0.000127,5359.39,-1.58127,33.067787
B0018,38,1.614007,24.0,80.7003,0.766058,3.841962,4.010169,0.000127,5369.031,-1.650957,33.705775
B0018,39,1.676052,24.0,83.8026,0.836037,4.617137,3.976271,0.000111,5378.688,3.077627,26.955933
B0018,40,1.649301,24.0,82.465,0.797051,4.272139,4.005932,0.000122,5106.782,-1.434452,34.021946
B0018,41,1.632383,24.0,81.6191,0.782849,4.039279,3.997458,0.000124,5178.953,-1.495415,33.355974
B0018,42,1.616416,24.0,80.8208,0.769569,3.910216,4.022881,0.000127,5253.89,-1.703549,33.32081
B0018,43,1.610903,24.0,80.5451,0.757962,3.870232,4.001695,0.000128,5500.25,-1.799399,33.048619
B0018,44,1.595464,24.0,79.7732,0.794398,4.208059,4.010169,0.000119,6237.047,1.888103,27.096149
B0018,45,1.716567,24.0,85.8284,0.846188,4.4682,3.99322,0.000116,4592.672,-0.448819,33.75797
B0018,46,1.695824,24.0,84.7912,0.83304,4.403364,3.988983,0.000117,4860.047,-0.665813,33.625519
B0018,47,1.677778,24.0,83.8889,0.820189,4.282819,3.988983,0.000119,5199.344,-0.894371,33.505246
B0018,48,1.660659,24.0,83.0329,0.809989,4.217072,3.988983,0.00012,5199.329,-1.160985,33.452138
B0018,49,1.666411,24.0,83.3205,0.863359,4.737297,4.010169,0.00011,5457.203,3.334885,28.185142
B0018,50,1.646834,24.0,82.3417,0.804544,4.23846,4.001695,0.000121,4607.406,-1.089487,33.918177
B0018,51,1.625764,24.0,81.2882,0.793082,4.186976,3.997458,0.000123,4824.422,-1.30573,34.024618
B0018,52,1.612158,24.0,80.6079,0.783187,4.231755,4.010169,0.000124,4702.859,-1.278636,33.243843
B0018,53,1.605737,24.0,80.2868,0.773587,3.99422,4.005932,0.000126,5027.468,-1.472022,33.443051
B0018,54,1.640435,24.0,82.0217,0.798044,4.163093,4.005932,0.000122,5179.61,-1.025736,33.747431
B0018,55,1.613265,24.0,80.6633,0.781912,4.08644,3.997458,0.000125,5009.032,-1.256683,33.764652
B0018,56,1.592096,24.0,79.6048,0.768623,4.017821,3.997458,0.000127,5713.937,-1.412768,33.755197
B0018,57,1.586601,24.0,79.3301,0.757484,3.873514,4.001695,0.000129,4939.594,-1.47673,33.568679
B0018,58,1.580077,24.0,79.0038,0.792372,4.318644,3.99322,0.00012,5358.984,2.213535,28.044441
B0018,59,1.564173,24.0,78.2087,0.73985,3.792171,4.014407,0.000132,5310.735,-1.621684,33.21237
B0018,60,1.555618,24.0,77.7809,0.731372,3.702234,4.018644,0.000133,5352.281,-1.743106,33.503565
B0018,61,1.540205,24.0,77.0102,0.722914,3.593286,4.010169,0.000135,5420.266,-1.767627,33.228886
B0018,62,1.532161,24.0,76.6081,0.716079,3.605647,4.010169,0.000137,5890.094,-1.806916,33.315055
B0018,63,1.531623,24.0,76.5812,0.750378,3.986489,4.014407,0.000126,5724.156,2.043761,28.065079
B0018,64,1.52226,24.0,76.113,0.702416,3.472247,4.018644,0.000139,5525.109,-2.012431,33.345547
B0018,65,1.506527,24.0,75.3263,0.693114,3.497916,4.014407,0.000141,5668.437,-2.008387,33.029814
B0018,66,1.501422,24.0,75.0711,0.68777,3.40355,4.010169,0.000142,5332.672,-2.039446,33.033767
B0018,67,1.496353,24.0,74.8177,0.680576,3.374721,4.022881,0.000144,5574.531,-2.11247,33.208185
B0018,68,1.533426,24.0,76.6713,0.717514,4.05524,4.022881,0.000127,5809.593,3.081654,27.392765
B0018,69,1.523845,24.0,76.1923,0.702601,3.395727,4.027119,0.000139,5423.594,-2.001658,33.779228
B0018,70,1.501192,24.0,75.0596,0.690154,3.403676,4.018644,0.000142,5539.625,-2.079266,33.741578
B0018,71,1.492418,24.0,74.6209,0.682641,3.337152,4.010169,0.000144,5460.766,-2.112211,33.604859
B0018,72,1.483324,24.0,74.1662,0.673017,3.330486,4.014407,0.000146,5954.844,-2.166717,33.542457
B0018,73,1.480738,24.0,74.0369,0.69839,3.736624,4.018644,0.000135,5816.093,1.894121,27.907538
B0018,74,1.473508,24.0,73.6754,0.660337,3.211861,4.022881,0.000148,5651.062,-2.269142,33.496254
B0018,75,1.468019,24.0,73.401,0.654227,3.148714,4.018644,0.00015,5444.016,-2.227277,33.408405
B0018,76,1.458092,24.0,72.9046,0.648768,3.129403,4.031356,0.000151,5647.172,-2.371789,33.890251
B0018,77,1.447866,24.0,72.3933,0.642309,3.205728,4.014407,0.000153,5628.5,-2.434083,33.671812
B0018,78,1.452781,24.0,72.639,0.665217,3.539837,4.018644,0.000141,5835.391,1.910169,27.841938
B0018,79,1.442536,24.0,72.1268,0.631127,3.059833,4.035593,0.000155,5620.703,-2.495098,33.364263
B0018,80,1.439271,24.0,71.9636,0.625116,2.987141,4.035593,0.000157,5804.641,-2.42885,33.280188
B0018,81,1.428648,24.0,71.4324,0.622574,3.030462,4.035593,0.000157,5398.829,-2.442106,33.546228
B0018,82,1.424903,24.0,71.2451,0.618349,3.080856,4.018644,0.000158,5920.718,-2.468383,33.71876
B0018,83,1.469812,24.0,73.4906,0.62744,3.59263,4.039831,0.00014,6530.938,2.917536,27.328035
B0018,84,1.452582,24.0,72.6291,0.648013,3.184505,4.022881,0.000151,5896.906,-2.309295,33.838351
B0018,85,1.442834,24.0,72.1417,0.634493,3.093119,4.018644,0.000155,5495.141,-2.422435,33.895428
B0018,86,1.428376,24.0,71.4188,0.622445,2.97771,4.031356,0.000157,5589.234,-2.464333,33.457958
B0018,87,1.415455,24.0,70.7727,0.613866,2.980407,4.010169,0.000159,5546.812,-2.609436,33.483938
B0018,88,1.454577,24.0,72.7288,0.61297,3.504767,4.035593,0.000144,6336.391,2.898221,27.378538
B0018,89,1.428318,24.0,71.4159,0.627212,3.048371,4.014407,0.000156,5726.031,-2.582685,34.022517
B0018,90,1.419703,24.0,70.9851,0.618364,2.977504,4.022881,0.000158,5758.797,-2.453276,33.858194
B0018,91,1.415561,24.0,70.778,0.611654,2.933155,4.039831,0.00016,6027.266,-2.490768,33.960425
B0018,92,1.40568,24.0,70.284,0.604698,2.920117,4.048305,0.000162,5540.391,-2.500129,33.969053
B0018,93,1.408446,24.0,70.4223,0.623217,3.389964,4.039831,0.000149,5948.61,1.81472,28.148925
B0018,94,1.396855,24.0,69.8427,0.596475,2.851255,4.039831,0.000164,6039.843,-2.670919,34.023235
B0018,95,1.393567,24.0,69.6784,0.590969,2.9233,4.031356,0.000166,6104.39,-2.643141,33.874721
B0018,96,1.389364,24.0,69.4682,0.586424,2.850011,4.035593,0.000167,5869.172,-2.541104,33.628019
B0018,97,1.378565,24.0,68.9283,0.582087,2.786351,4.035593,0.000168,5639.172,-2.553642,33.698188
B0018,98,1.384901,24.0,69.2451,0.596574,3.196144,4.010169,0.000155,6379.047,1.727385,28.153871
B0018,99,1.370325,24.0,68.5163,0.577592,2.803271,4.035593,0.00017,6259.86,-2.614947,33.560718
B0018,100,1.373346,24.0,68.6673,0.572893,2.729065,4.039831,0.000171,6378.89,-2.623717,33.731871
B0018,101,1.367949,24.0,68.3974,0.568884,2.754362,4.048305,0.000172,5973.969,-2.647843,33.750739
B0018,102,1.356714,24.0,67.8357,0.565386,2.691775,4.027119,0.000173,5652.171,-2.648068,33.78173
B0018,103,1.460431,24.0,73.0216,0.59429,3.549285,4.048305,0.000145,6339.359,2.887356,26.510166
B0018,104,1.4501,24.0,72.505,0.64377,3.117322,4.027119,0.000152,5321.672,-2.222826,33.263115
B0018,105,1.438141,24.0,71.907,0.637021,3.100805,4.031356,0.000154,5424.25,-2.186957,33.628872
B0018,106,1.428368,24.0,71.4184,0.629276,3.060362,4.035593,0.000155,5497.843,-2.209636,33.719042
B0018,107,1.414787,24.0,70.7394,0.619985,2.986524,4.005932,0.000158,5575.281,-2.299777,33.540658
B0018,108,1.413889,24.0,70.6945,0.635597,3.383462,4.031356,0.000146,6194.344,1.832325,27.797562
B0018,109,1.398933,24.0,69.9467,0.60562,2.954541,4.022881,0.000161,5391.766,-2.466896,33.245503
B0018,110,1.395332,24.0,69.7666,0.600429,2.945316,4.035593,0.000163,5678.421,-2.344731,33.251836
B0018,111,1.390046,24.0,69.5023,0.598537,2.847777,4.014407,0.000163,5784.375,-2.434272,33.985445
B0018,112,1.386027,24.0,69.3014,0.59615,2.89167,4.031356,0.000164,5756.484,-2.433556,34.356206
B0018,113,1.388215,24.0,69.4108,0.60995,3.251519,4.039831,0.000152,6305.016,1.773921,28.353524
B0018,114,1.376183,24.0,68.8091,0.583422,2.812673,4.031356,0.000168,5674.797,-2.698601,33.943039
B0018,115,1.364717,24.0,68.2358,0.574863,2.756004,4.027119,0.00017,5751.953,-2.671699,33.44601
B0018,116,1.358985,24.0,67.9493,0.568873,2.771832,4.031356,0.000172,5947.625,-2.730635,33.414266
B0018,117,1.346231,24.0,67.3115,0.562913,2.710699,4.035593,0.000173,5763.172,-2.805572,33.313562
B0018,118,1.426843,24.0,71.3421,0.568171,3.386324,4.031356,0.000151,6243.828,2.805692,26.555178
B0018,119,1.406448,24.0,70.3224,0.614392,2.996129,4.035593,0.000159,5715.734,-2.434763,33.173685
B0018,120,1.393491,24.0,69.6745,0.607869,2.967817,4.035593,0.00016,5737.297,-2.3143,33.247865
B0018,121,1.388249,24.0,69.4125,0.598916,2.861883,4.039831,0.000163,5414.032,-2.455822,33.593282
B0018,122,1.370188,24.0,68.5094,0.591043,2.921162,4.035593,0.000165,5777.485,-2.449125,33.264559
B0018,123,1.379695,24.0,68.9848,0.605366,3.200269,4.035593,0.000153,6542.547,1.795943,27.684271
B0018,124,1.368659,24.0,68.4329,0.581336,2.761075,4.027119,0.000167,5296.156,-2.506391,33.198514
B0018,125,1.362737,24.0,68.1369,0.5786,2.841683,4.039831,0.000168,5716.203,-2.578235,33.872568
B0018,126,1.363405,24.0,68.1703,0.579139,2.817145,4.039831,0.000169,5710.219,-2.471469,34.158881
B0018,127,1.351865,24.0,67.5932,0.574999,2.781566,4.031356,0.00017,5494.984,-2.426532,33.94237
B0018,128,1.354797,24.0,67.7398,0.58666,3.16158,4.035593,0.000157,6328.547,1.761813,28.313325
B0018,129,1.341051,24.0,67.0526,0.564999,2.739678,4.039831,0.000173,5295.219,-2.795527,34.013089
B0036,1,1.801101,24.0,90.055,0.840047,5.660579,4.069492,0.0001,6992.016,0.481853,26.593328
B0036,2,1.804423,24.0,90.2211,0.809662,4.575317,4.061017,0.000114,7278.703,-0.40339,25.550803
B0036,3,1.804389,24.0,90.2194,0.811619,4.738105,4.069492,0.000113,7082.484,-0.292171,25.299958
B0036,4,1.798925,24.0,89.9462,0.811527,4.599379,4.061017,0.000113,7012.89,-0.26054,24.998407
B0036,5,1.792997,24.0,89.6498,0.806941,4.562806,4.065254,0.000114,6935.625,-0.301687,24.801949
B0036,6,1.788551,24.0,89.4275,0.847044,5.169401,4.061017,0.000103,7070.438,-0.042983,24.456012
B0036,7,1.789086,24.0,89.4543,0.805982,4.601133,4.061017,0.000114,6760.625,-0.278967,24.584308
B0036,8,1.789314,24.0,89.4657,0.806548,4.558137,4.065254,0.000113,6695.172,-0.324706,24.714683
B0036,9,1.786076,24.0,89.3038,0.806733,4.563317,4.065254,0.000113,6552.609,-0.230835,24.707718
B0036,10,1.783632,24.0,89.1816,0.807272,4.588707,4.065254,0.000113,6568.125,-0.336842,24.634571
B0036,11,1.782973,24.0,89.1486,0.849778,5.145497,4.061017,0.000104,6593.203,0.051946,24.285118
B0036,12,1.781378,24.0,89.0689,0.80971,4.575371,4.05678,0.000113,6562.531,-0.271159,24.859702
B0036,13,1.778536,24.0,88.9268,0.808602,4.486408,4.065254,0.000113,6396.0,-0.206487,24.655501
B0036,14,1.775904,24.0,88.7952,0.808232,4.504988,4.052542,0.000113,6099.969,-0.297842,24.671649
B0036,15,1.778043,24.0,88.9021,0.80709,4.533063,4.065254,0.000113,6335.344,-0.235073,24.620905
B0036,16,1.783003,24.0,89.1501,0.860997,5.211747,4.061017,0.000103,6198.954,-0.067612,25.489138
B0036,17,1.7883,24.0,89.415,0.822527,4.597255,4.05678,0.000111,6245.187,-0.191162,26.402461
B0036,18,1.779295,24.0,88.9647,0.827658,4.621931,4.061017,0.000111,5983.281,-0.527904,27.150501
B0036,19,1.770924,24.0,88.5462,0.813666,4.533883,4.052542,0.000112,6229.078,-0.310229,25.50575
B0036,20,1.765905,24.0,88.2953,0.809157,4.591173,4.061017,0.000113,6260.109,-0.266778,24.957178
B0036,21,1.782693,24.0,89.1346,0.852217,5.134831,4.018644,0.000104,6290.859,-0.010513,25.199234
B0036,22,1.796466,24.0,89.8233,0.900118,5.428578,4.010169,0.0001,5657.39,1.78504,29.584244
B0036,23,1.790908,24.0,89.5454,0.846085,4.754233,4.048305,0.000108,6495.907,-3.280999,35.640695
B0036,24,1.78518,24.0,89.259,0.838401,4.671583,4.05678,0.000109,6497.891,-3.352055,35.146973
B0036,25,1.781134,24.0,89.0567,0.834249,4.649031,4.061017,0.000109,6561.922,-3.442926,35.083586
B0036,26,1.775558,24.0,88.7779,0.833422,4.737082,4.061017,0.000109,6564.969,-3.437983,35.203115
B0036,27,1.776886,24.0,88.8443,0.87725,5.277947,4.010169,0.000102,6316.031,1.865995,27.852008
B0036,28,1.771308,24.0,88.5654,0.836915,4.712431,4.052542,0.000109,6500.484,-3.413221,35.855218
B0036,29,1.771335,24.0,88.5667,0.832276,4.613351,4.044068,0.00011,6514.719,-3.525153,35.469388
B0036,30,1.766084,24.0,88.3042,0.827803,4.66132,4.052542,0.00011,6508.61,-3.6168,35.12265
B0036,31,1.759279,24.0,87.964,0.823432,4.639328,4.05678,0.000111,6600.688,-3.706635,34.998495
B0036,32,1.761037,24.0,88.0518,0.869404,5.331716,4.018644,0.000102,6500.531,1.85656,27.554465
B0036,33,1.760243,24.0,88.0121,0.827496,4.608304,4.052542,0.00011,6560.5,-3.599004,35.616287
B0036,34,1.75559,24.0,87.7795,0.825553,4.597522,4.05678,0.000111,6517.125,-3.679371,35.455241
B0036,35,1.75456,24.0,87.728,0.819919,4.654053,4.05678,0.000111,6565.438,-3.705109,35.066095
B0036,36,1.749911,24.0,87.4955,0.818134,4.541959,4.05678,0.000112,6590.125,-3.768139,35.120186
B0036,37,1.761023,24.0,88.0511,0.8659,5.247749,4.018644,0.000103,6428.171,2.040895,27.697461
B0036,38,1.762409,24.0,88.1205,0.834928,4.840471,4.044068,0.00011,6320.75,-3.284631,36.691458
B0036,39,1.753617,24.0,87.6809,0.83921,4.697806,4.048305,0.000109,6305.25,-3.17159,37.352096
B0036,40,1.746204,24.0,87.3102,0.826777,4.559912,4.05678,0.000111,6327.234,-3.688561,36.407713
B0036,41,1.740618,24.0,87.0309,0.816212,4.532816,4.052542,0.000112,6440.406,-3.832702,35.602378
B0036,42,1.75069,24.0,87.5345,0.857554,5.086334,4.018644,0.000104,6583.641,1.753598,27.3591
B0036,43,1.765112,24.0,88.2556,0.885382,5.363478,4.010169,0.000102,6347.187,1.939275,29.24971
B0036,44,1.763189,24.0,88.1594,0.845281,4.875159,3.997458,0.000108,5497.266,-3.138567,37.198806
B0036,46,1.765356,24.0,88.2678,0.895733,5.405751,4.014407,0.000101,5886.844,1.488112,30.755079
B0036,47,1.757188,24.0,87.8594,0.840206,4.675593,4.010169,0.000109,6245.953,-3.470665,36.530289
B0036,48,1.757377,24.0,87.8689,0.834898,4.65206,4.052542,0.00011,6357.313,-3.419915,35.845927
B0036,49,1.761738,24.0,88.0869,0.830846,4.678552,4.052542,0.00011,6026.297,-3.462894,35.663031
B0036,50,1.760689,24.0,88.0345,0.838497,4.748821,4.010169,0.000109,6133.187,-3.149371,36.544176
B0036,51,1.76067,24.0,88.0335,0.887662,5.449961,4.010169,0.000101,5554.094,2.013155,30.34079
B0036,52,1.752964,24.0,87.6482,0.837861,4.748782,4.05678,0.000109,6129.781,-3.411813,36.935791
B0036,53,1.750536,24.0,87.5268,0.832137,4.751994,4.010169,0.00011,6167.859,-3.348928,36.27284
B0036,54,1.750076,24.0,87.5038,0.82963,4.639149,4.010169,0.00011,6189.047,-3.423351,36.130943
B0036,55,1.746596,24.0,87.3298,0.831191,4.73346,4.005932,0.00011,6269.844,-3.507561,36.678998
B0036,56,1.753614,24.0,87.6807,0.876552,5.306301,4.022881,0.000102,5800.844,2.126769,29.6623
B0036,57,1.750725,24.0,87.5363,0.841303,4.755169,4.052542,0.000109,6029.594,-2.980125,37.710957
B0036,58,1.743305,24.0,87.1653,0.830344,4.747939,4.010169,0.00011,6051.969,-3.550587,36.981321
B0036,59,1.733663,24.0,86.6831,0.820202,4.606549,4.065254,0.000112,5683.5,-3.582686,35.880777
B0036,60,1.731921,24.0,86.596,0.815048,4.639737,4.05678,0.000113,6207.625,-3.685284,35.526516
B0036,61,1.74286,24.0,87.143,0.853734,5.137962,4.014407,0.000104,6302.625,1.84689,27.759972
B0036,62,1.743307,24.0,87.1653,0.82988,4.662638,4.065254,0.00011,6286.406,-3.320275,37.132832
B0036,63,1.738525,24.0,86.9262,0.835631,4.667772,4.010169,0.00011,5836.11,-3.129061,37.983196
B0036,64,1.729562,24.0,86.4781,0.820411,4.793556,4.05678,0.000112,5512.531,-3.715039,36.862817
B0036,65,1.727304,24.0,86.3652,0.810693,4.565087,4.05678,0.000113,6163.046,-3.776847,35.817736
B0036,66,1.744937,24.0,87.2469,0.847836,5.129051,4.018644,0.000105,6223.735,1.752568,27.631378
B0036,67,1.764243,24.0,88.2122,0.883614,5.405172,4.014407,0.000102,5875.39,2.010932,29.457238
B0036,68,1.750488,24.0,87.5244,0.847061,4.73755,4.005932,0.000108,5814.563,-2.929838,37.42251
B0036,69,1.744271,24.0,87.2136,0.833019,4.625066,4.014407,0.00011,6114.016,-3.248581,36.144588
B0036,70,1.736541,24.0,86.8271,0.824086,4.665633,4.061017,0.000111,6153.094,-3.384552,35.523934
B0036,71,1.733223,24.0,86.6612,0.817511,4.561701,4.061017,0.000112,6365.984,-3.570313,35.29729
B0036,72,1.738606,24.0,86.9303,0.853368,5.31727,4.027119,0.000104,6212.187,1.891619,27.611797
B0036,73,1.743213,24.0,87.1607,0.829033,4.629604,4.005932,0.000111,6155.484,-3.299704,36.682296
B0036,74,1.73327,24.0,86.6635,0.834521,4.643604,4.048305,0.00011,6008.641,-3.096421,37.725375
B0036,75,1.729891,24.0,86.4945,0.817089,4.594339,4.052542,0.000112,6270.953,-3.667252,36.055811
B0036,76,1.72044,24.0,86.022,0.810692,4.536373,4.052542,0.000113,6046.891,-3.67238,35.479956
B0036,77,1.724421,24.0,86.221,0.842006,5.25304,4.022881,0.000105,6378.766,1.858692,27.187496
B0036,78,1.721487,24.0,86.0744,0.805531,4.557376,4.065254,0.000114,6135.25,-3.793737,35.312197
B0036,79,1.719745,24.0,85.9872,0.802024,4.470785,4.061017,0.000115,6141.344,-3.966137,35.318765
B0036,80,1.71643,24.0,85.8215,0.800465,4.506518,4.069492,0.000115,6214.969,-3.858484,35.180989
B0036,81,1.711203,24.0,85.5601,0.798467,4.510834,4.061017,0.000115,6255.172,-4.016653,35.280943
B0036,82,1.710234,24.0,85.5117,0.833505,5.262055,4.022881,0.000106,6261.156,1.837063,27.164383
B0036,83,1.713097,24.0,85.6548,0.79566,4.489574,4.065254,0.000116,6419.594,-4.062229,35.157654
B0036,84,1.710371,24.0,85.5185,0.794605,4.463872,4.061017,0.000116,6206.141,-3.972721,35.267356
B0036,85,1.706462,24.0,85.3231,0.792207,4.517117,4.061017,0.000116,6151.719,-4.099148,35.273918
B0036,86,1.702943,24.0,85.1471,0.789447,4.493427,4.061017,0.000117,6499.312,-4.139934,35.227694
B0036,87,1.707261,24.0,85.3631,0.825672,5.026211,4.022881,0.000107,6536.953,1.788045,27.074866
B0036,88,1.703864,24.0,85.1932,0.788321,4.393657,4.061017,0.000117,6455.875,-4.17852,35.288951
B0036,89,1.707962,24.0,85.3981,0.790145,4.426739,4.061017,0.000116,6224.547,-4.021992,35.37184
B0036,90,1.711302,24.0,85.5651,0.796734,4.41193,4.052542,0.000115,6245.593,-3.785485,36.074389
B0036,91,1.714122,24.0,85.7061,0.801833,4.527443,4.010169,0.000114,6313.468,-3.719882,36.74967
B0036,92,1.705332,24.0,85.2666,0.833291,5.006117,4.073729,0.000107,6323.282,1.660594,28.122318
B0036,93,1.693461,24.0,84.673,0.783913,4.434592,4.065254,0.000117,5975.593,-4.251397,35.62819
B0036,94,1.690524,24.0,84.5262,0.776834,4.41884,4.065254,0.000118,6260.297,-4.384727,35.116607
B0036,95,1.700777,24.0,85.0389,0.773093,4.367396,4.065254,0.000119,5872.422,-4.475951,34.956065
B0036,96,1.69711,24.0,84.8555,0.785359,4.413961,4.05678,0.000117,6194.156,-4.134676,36.092712
B0036,97,1.699792,24.0,84.9896,0.83113,5.001923,4.027119,0.000107,6239.922,1.896323,28.830215
B0036,98,1.69127,24.0,84.5635,0.785214,4.386436,4.065254,0.000117,6311.375,-4.220632,36.353074
B0036,99,1.685713,24.0,84.2856,0.772694,4.299205,4.065254,0.000119,6409.0,-4.500256,35.470109
B0036,100,1.683209,24.0,84.1605,0.769287,4.345416,4.061017,0.00012,6048.266,-4.537471,35.325282
B0036,101,1.692886,24.0,84.6443,0.770429,4.442652,4.061017,0.00012,6410.578,-4.352289,35.369642
B0036,102,1.698467,24.0,84.9233,0.822965,5.043364,4.018644,0.000108,6551.0,1.72297,28.533956
B0036,103,1.693581,24.0,84.6791,0.792989,4.506657,4.061017,0.000116,5931.156,-3.905204,37.359198
B0036,104,1.683095,24.0,84.1548,0.778111,4.333694,4.065254,0.000118,6292.171,-4.386999,36.473928
B0036,105,1.685046,24.0,84.2523,0.765961,4.339514,4.061017,0.00012,6452.969,-4.551834,35.537846
B0036,106,1.68031,24.0,84.0155,0.763532,4.266744,4.077966,0.000121,6429.547,-4.604849,35.465907
B0036,107,1.694404,24.0,84.7202,0.804852,4.981742,4.027119,0.000109,5946.813,1.887291,27.637651
B0036,108,1.695569,24.0,84.7784,0.786755,4.476181,4.065254,0.000117,6212.735,-3.98138,37.192654
B0036,109,1.684185,24.0,84.2093,0.789648,4.426103,4.052542,0.000117,6330.438,-3.982041,37.793648
B0036,110,1.672218,24.0,83.6109,0.773674,4.399073,4.05678,0.000119,6480.531,-4.50055,36.780354
B0036,111,1.667598,24.0,83.3799,0.760372,4.240899,4.069492,0.000121,6635.063,-4.660407,35.778194
B0036,112,1.678187,24.0,83.9094,0.792076,4.865374,4.027119,0.000111,6599.906,1.635092,26.967394
B0036,113,1.69134,24.0,84.567,0.81106,4.742426,4.022881,0.00011,6141.297,1.509603,29.784848
B0036,114,1.680279,24.0,84.0139,0.772413,4.301313,4.065254,0.00012,6259.468,-4.069566,36.872395
B0036,115,1.673147,24.0,83.6574,0.763962,4.256216,4.061017,0.000121,6326.046,-4.199075,36.172017
B0036,116,1.670429,24.0,83.5215,0.75873,4.187682,4.05678,0.000122,6121.031,-4.299654,36.036027
B0036,117,1.66599,24.0,83.2995,0.755289,4.184714,4.065254,0.000123,6526.703,-4.355886,35.939341
B0036,118,1.664242,24.0,83.2121,0.789797,4.756999,4.031356,0.000112,6348.829,1.601824,27.428203
B0036,119,1.666845,24.0,83.3423,0.752173,4.145202,4.065254,0.000123,6281.937,-4.468308,35.913745
B0036,120,1.65945,24.0,82.9725,0.749933,4.078136,4.073729,0.000124,6436.766,-4.441992,35.932033
B0036,121,1.662413,24.0,83.1206,0.746894,4.107098,4.061017,0.000124,6416.515,-4.510471,35.837264
B0036,122,1.660353,24.0,83.0176,0.745075,4.095098,4.069492,0.000124,6456.766,-4.561389,35.973005
B0036,123,1.661023,24.0,83.0512,0.780818,4.63565,4.022881,0.000113,6458.062,1.646417,27.347711
B0036,124,1.657519,24.0,82.8759,0.744111,4.077406,4.069492,0.000124,6575.11,-4.55768,36.020814
B0036,125,1.650788,24.0,82.5394,0.742634,4.103897,4.069492,0.000125,6501.328,-4.624082,36.015651
B0036,126,1.653257,24.0,82.6629,0.738954,4.064744,4.061017,0.000125,6466.281,-4.647525,35.903854
B0036,127,1.649421,24.0,82.4711,0.7377,4.117596,4.077966,0.000126,6589.734,-4.680332,36.01668
B0036,128,1.667859,24.0,83.393,0.77264,4.608464,4.065254,0.000114,6480.781,1.540722,27.173923
B0036,129,1.670863,24.0,83.5431,0.759947,4.121405,4.073729,0.000122,6455.125,-4.101509,37.547203
B0036,130,1.665812,24.0,83.2906,0.76288,4.186542,4.061017,0.000121,6491.61,-4.112455,38.03838
B0036,131,1.6533,24.0,82.665,0.751877,4.120614,4.069492,0.000123,6484.703,-4.508583,37.4581
B0036,132,1.646879,24.0,82.3439,0.740328,4.246048,4.073729,0.000126,6459.516,-4.627963,36.541824
B0036,133,1.671895,24.0,83.5948,0.771104,4.653982,4.027119,0.000114,6562.75,1.520441,27.501543
B0036,134,1.680774,24.0,84.0387,0.805395,4.759244,4.027119,0.000111,6176.094,1.715772,28.669456
B0036,135,1.673772,24.0,83.6886,0.776209,4.328663,4.065254,0.000119,6277.313,-3.904006,37.825499
B0036,136,1.660577,24.0,83.0289,0.758889,4.199528,4.061017,0.000122,6564.015,-4.295463,36.801465
B0036,137,1.655988,24.0,82.7994,0.750955,4.161662,4.065254,0.000123,6365.422,-4.529883,36.348915
B0036,138,1.646862,24.0,82.3431,0.745085,4.201601,4.065254,0.000124,6430.812,-4.512742,36.09543
B0036,139,1.657462,24.0,82.8731,0.781216,4.662993,4.027119,0.000113,5809.094,1.852787,28.036985
B0036,140,1.660399,24.0,83.02,0.756881,4.14252,4.069492,0.000122,6425.704,-4.17059,37.212618
B0036,141,1.646079,24.0,82.3039,0.760105,4.181416,4.069492,0.000122,6397.375,-4.193019,37.783732
B0036,142,1.640837,24.0,82.0418,0.742747,4.086327,4.065254,0.000124,6458.734,-4.511129,36.671287
B0036,143,1.634441,24.0,81.722,0.732944,4.084196,4.069492,0.000126,6472.641,-4.681334,36.175418
B0036,144,1.637404,24.0,81.8702,0.766156,4.656284,4.022881,0.000114,6702.922,1.501263,27.505986
B0036,145,1.647382,24.0,82.3691,0.740124,4.088506,4.05678,0.000125,6560.141,-4.37198,36.693605
B0036,146,1.654565,24.0,82.7282,0.745563,4.132242,4.061017,0.000124,6284.719,-4.318577,37.425461
B0036,147,1.640897,24.0,82.0448,0.752027,4.166309,4.065254,0.000123,6489.593,-4.552828,38.60522
B0036,148,1.626523,24.0,81.3261,0.735119,4.102458,4.065254,0.000126,6558.203,-4.795556,37.292566
B0036,149,1.621735,24.0,81.0867,0.761146,4.508636,4.065254,0.000115,6511.578,1.410399,27.833578
B0036,150,1.62482,24.0,81.241,0.718375,3.958444,4.065254,0.000129,6403.547,-5.078759,36.192487
B0036,151,1.618801,24.0,80.9401,0.716717,3.951075,4.077966,0.000129,6464.156,-5.027546,36.278105
B0036,152,1.613735,24.0,80.6868,0.713805,3.896302,4.065254,0.00013,6472.531,-5.057668,36.222229
B0036,153,1.612013,24.0,80.6006,0.711494,4.01922,4.069492,0.00013,6507.297,-5.107397,36.222971
B0036,154,1.667103,24.0,83.3552,0.744253,4.555065,4.065254,0.000117,6444.906,1.4317,27.301674
B0036,155,1.685013,24.0,84.2507,0.834257,4.903373,4.014407,0.000109,5950.078,1.787381,30.351129
B0036,156,1.678665,24.0,83.9333,0.789247,4.36041,4.061017,0.000117,5988.296,-3.610127,37.400748
B0036,157,1.672976,24.0,83.6488,0.77958,4.312563,4.014407,0.000119,6237.172,-3.766051,36.701192
B0036,158,1.666489,24.0,83.3245,0.77358,4.262242,4.065254,0.00012,6326.078,-3.904986,36.291849
B0036,159,1.669842,24.0,83.4921,0.769472,4.280542,4.061017,0.000121,6392.813,-3.932112,36.080626
B0036,160,1.674674,24.0,83.7337,0.813254,4.821717,4.065254,0.00011,6063.438,1.824191,29.227388
B0036,161,1.666505,24.0,83.3252,0.781677,4.250432,4.065254,0.000119,6147.047,-3.636225,37.739545
B0036,162,1.652222,24.0,82.6111,0.764912,4.181221,4.061017,0.000121,6214.266,-4.207172,36.611971
B0036,163,1.646272,24.0,82.3136,0.755286,4.201442,4.065254,0.000123,6466.219,-4.323847,35.854987
B0036,164,1.642399,24.0,82.12,0.749659,4.096392,4.069492,0.000124,6327.266,-4.40207,35.634013
B0036,165,1.651179,24.0,82.5589,0.786285,4.744718,4.061017,0.000112,6323.938,1.756833,27.930899
B0036,166,1.648168,24.0,82.4084,0.757965,4.203246,4.05678,0.000122,6313.625,-4.215983,36.623424
B0036,167,1.647889,24.0,82.3944,0.759264,4.263845,4.065254,0.000122,6396.687,-4.167814,36.959587
B0036,168,1.635844,24.0,81.7922,0.750253,4.097377,4.014407,0.000124,6136.187,-4.447891,36.658786
B0036,169,1.633236,24.0,81.6618,0.738465,4.039211,4.061017,0.000126,6338.797,-4.607677,35.926931
B0036,170,1.629926,24.0,81.4963,0.768596,4.75036,4.031356,0.000114,6519.234,1.601434,27.222734
B0036,171,1.638786,24.0,81.9393,0.733391,4.04923,4.073729,0.000127,6506.937,-4.622098,35.721427
B0036,172,1.635965,24.0,81.7983,0.745197,4.078721,4.069492,0.000125,6196.812,-4.426553,37.014596
B0036,173,1.631137,24.0,81.5569,0.747185,4.063777,4.061017,0.000124,6186.0,-4.381047,37.331416
B0036,174,1.622019,24.0,81.1009,0.734638,4.055511,4.069492,0.000127,6506.843,-4.715621,36.736851
B0036,175,1.641604,24.0,82.0802,0.758411,4.602075,4.031356,0.000115,6737.047,1.527862,27.388704
B0036,176,1.625309,24.0,81.2655,0.784285,4.682145,4.061017,0.000114,6546.234,1.486866,28.56882
B0036,177,1.619613,24.0,80.9807,0.730572,4.074399,4.065254,0.000127,6559.672,-4.822707,35.986349
B0036,178,1.612424,24.0,80.6212,0.722789,3.985882,4.065254,0.000129,6567.891,-4.934142,35.898604
B0036,179,1.60777,24.0,80.3885,0.718626,3.958981,4.073729,0.000129,6609.938,-5.01999,35.762163
B0036,180,1.608808,24.0,80.4404,0.713322,3.927359,4.077966,0.00013,6729.547,-5.104093,35.684858
B0036,181,1.608356,24.0,80.4178,0.749127,4.591028,4.082203,0.000116,6652.766,1.521264,27.343036
B0036,182,1.60682,24.0,80.341,0.712292,3.971585,4.061017,0.00013,6524.344,-5.102229,35.945801
B0036,183,1.601771,24.0,80.0885,0.709162,3.953654,4.077966,0.000131,6574.547,-5.158978,35.912143
B0036,184,1.594912,24.0,79.7456,0.705464,3.939884,4.065254,0.000132,6693.234,-5.222981,35.875435
B0036,185,1.593814,24.0,79.6907,0.70086,3.889554,4.065254,0.000132,6655.391,-5.254503,35.76317
B0036,186,1.592027,24.0,79.6014,0.7316,4.477953,4.082203,0.000119,6598.406,1.460084,27.058409
B0036,187,1.584736,24.0,79.2368,0.695469,3.905448,4.05678,0.000133,6588.219,-5.347932,35.749762
B0036,188,1.576343,24.0,78.8171,0.691789,3.918023,4.073729,0.000135,6583.156,-5.434847,35.774345
B0036,189,1.572023,24.0,78.6011,0.686052,3.812331,4.073729,0.000135,6629.719,-5.52038,35.662688
B0036,190,1.572987,24.0,78.6494,0.683456,3.761245,4.065254,0.000136,6636.922,-5.561466,35.72829
B0036,191,1.596985,24.0,79.8493,0.723566,4.477251,4.031356,0.000119,6835.578,1.848868,28.284389
B0036,192,1.595726,24.0,79.7863,0.713808,3.879321,4.061017,0.00013,6555.109,-5.026519,38.071182
B0036,193,1.5795,24.0,78.975,0.710184,3.915343,4.077966,0.000131,6435.515,-5.057898,38.185358
B0036,194,1.562947,24.0,78.1473,0.691382,3.776676,4.069492,0.000134,6625.812,-5.465908,37.138267
B0036,195,1.559113,24.0,77.9556,0.679067,3.728255,4.069492,0.000136,6714.234,-5.607591,36.397562
B0042,1,1.731471,22.0,86.5735,0.917354,5.035327,4.018644,0.000102,4373.406,-1.825795,34.073014
B0042,2,1.728235,22.0,86.4118,0.890123,4.886322,4.001695,0.000106,4465.234,-1.322104,33.619905
B0042,3,1.720345,22.0,86.0172,0.885819,4.787847,3.988983,0.000106,4430.532,-1.647019,34.116061
B0042,4,1.722173,22.0,86.1087,0.881146,4.736169,3.984746,0.000107,4367.609,-1.667329,34.349204
B0042,5,1.70867,22.0,85.4335,0.792738,4.382563,3.972034,0.00012,4293.86,-3.119913,33.108698
B0042,6,1.703648,22.0,85.1824,0.871174,4.674649,3.980508,0.000108,4195.985,-2.143418,35.959821
B0042,7,1.695838,22.0,84.7919,0.866454,4.560203,4.014407,0.000109,4244.422,-2.319789,35.882646
B0042,8,1.694906,22.0,84.7453,0.860784,4.495417,4.010169,0.00011,4515.688,-2.351172,35.62798
B0042,9,1.687477,22.0,84.3738,0.931565,5.272733,4.005932,9.9e-05,4418.969,2.302309,26.868913
B0042,10,1.685989,22.0,84.2995,0.856887,4.445546,4.027119,0.00011,4404.703,-2.47292,35.42177
B0042,11,1.678286,22.0,83.9143,0.851632,4.41959,4.022881,0.000111,4505.516,-2.496443,35.237922
B0042,12,1.673965,22.0,83.6982,0.847886,4.435397,4.035593,0.000111,4625.515,-2.636699,35.597017
B0042,13,1.672238,22.0,83.6119,0.84354,4.369642,4.018644,0.000112,4720.61,-2.583819,35.337205
B0042,14,1.67599,22.0,83.7995,0.918749,5.20379,4.031356,0.000101,4623.844,2.19812,26.682921
B0042,15,1.661825,22.0,83.0912,0.839611,4.334305,4.035593,0.000113,4315.828,-2.641877,35.468198
B0042,16,1.660671,22.0,83.0336,0.835389,4.372636,4.035593,0.000113,4656.297,-2.823,35.508524
B0042,17,1.653064,22.0,82.6532,0.831113,4.350315,4.031356,0.000114,4482.828,-2.823701,35.379752
B0042,18,1.649954,22.0,82.4977,0.827452,4.289738,4.031356,0.000115,4586.812,-2.890626,35.492621
B0042,19,1.681298,22.0,84.0649,0.903507,5.0309,4.001695,0.000103,4514.093,2.151186,26.701063
B0042,20,1.670052,22.0,83.5026,0.916081,5.100364,3.997458,0.000101,4519.016,2.346847,27.377493
B0042,21,1.667182,22.0,83.3591,0.840164,4.358545,4.018644,0.000113,4455.968,-2.415075,36.180363
B0042,22,1.656887,22.0,82.8443,0.832809,4.382734,4.014407,0.000114,4395.015,-2.684085,36.702428
B0042,23,1.644982,22.0,82.2491,0.826303,4.232244,4.027119,0.000115,4484.093,-2.817688,36.611095
B0042,24,1.639215,22.0,81.9607,0.819765,4.213832,4.031356,0.000116,4400.609,-2.915594,36.410472
B0042,25,1.64106,22.0,82.053,0.891527,4.92796,4.001695,0.000104,4453.766,2.098365,27.694893
B0042,26,1.64327,22.0,82.1635,0.819154,4.26143,4.035593,0.000116,4431.11,-2.854571,36.919541
B0042,27,1.629867,22.0,81.4934,0.814723,4.213989,4.035593,0.000117,4686.235,-2.927718,37.222593
B0042,28,1.623854,22.0,81.1927,0.808381,4.119489,4.031356,0.000118,4525.36,-3.152812,37.27871
B0042,29,1.618631,22.0,80.9315,0.80174,4.116743,4.031356,0.000119,4569.0,-3.238947,36.877758
B0042,30,1.619342,22.0,80.9671,0.873848,4.816211,4.044068,0.000106,4661.75,1.908395,27.602026
B0042,31,1.614593,22.0,80.7297,0.79487,4.069261,4.031356,0.00012,4701.063,-3.414748,37.21357
B0042,32,1.607204,22.0,80.3602,0.793084,4.078285,4.027119,0.00012,4678.5,-3.38241,37.400301
B0042,33,1.601266,22.0,80.0633,0.784352,3.962371,4.031356,0.000122,4716.984,-3.65877,37.533836
B0042,34,1.594041,22.0,79.702,0.776276,3.985649,4.035593,0.000123,4642.625,-3.773579,37.07564
B0042,35,1.594689,22.0,79.7344,0.845771,4.666626,4.048305,0.000109,5055.781,1.886993,27.219248
B0042,36,1.58821,22.0,79.4105,0.771968,3.892542,4.027119,0.000124,4873.672,-3.858025,36.888571
B0042,37,1.587986,22.0,79.3993,0.769807,3.920644,4.035593,0.000124,4708.125,-3.786584,37.282553
B0042,38,1.579917,22.0,78.9958,0.766603,3.900899,4.044068,0.000125,4906.875,-3.866814,37.751216
B0042,39,1.565595,22.0,78.2797,0.758846,3.839085,4.048305,0.000126,4863.969,-4.058492,37.842871
B0043,1,1.695568,22.0,84.7784,0.845604,4.469366,3.984746,0.000111,5079.828,-1.154689,33.646693
B0043,2,1.681491,22.0,84.0745,0.839218,4.413792,3.99322,0.000112,5114.531,-1.44212,33.375789
B0043,3,1.678637,22.0,83.9319,0.832324,4.389166,3.984746,0.000113,5149.454,-1.663162,33.630101
B0043,4,1.669417,22.0,83.4708,0.82863,4.258612,3.976271,0.000114,5181.75,-1.790168,34.095957
B0043,5,1.661194,22.0,83.0597,0.747724,3.929672,3.963559,0.000128,5106.234,-3.339968,33.797963
B0043,6,1.650642,22.0,82.5321,0.816473,4.189632,3.972034,0.000116,5240.359,-2.294163,35.467674
B0043,7,1.642427,22.0,82.1214,0.810736,4.176169,3.976271,0.000117,5169.313,-2.4173,35.338637
B0043,8,1.635366,22.0,81.7683,0.806224,4.072706,3.980508,0.000117,5129.969,-2.465625,34.833122
B0043,9,1.633233,22.0,81.6616,0.873012,4.884239,3.988983,0.000106,5512.64,2.317401,26.78384
B0043,10,1.625884,22.0,81.2942,0.798802,4.054586,3.980508,0.000118,5319.516,-2.64719,34.705656
B0043,11,1.617976,22.0,80.8988,0.794844,3.984816,3.972034,0.000119,5173.078,-2.748809,34.799502
B0043,12,1.613665,22.0,80.6833,0.79101,3.912955,3.972034,0.00012,5285.329,-2.75321,34.562751
B0043,13,1.605821,22.0,80.2911,0.786395,3.928887,3.976271,0.00012,5325.515,-2.912266,34.717212
B0043,14,1.603353,22.0,80.1676,0.857387,4.704705,3.997458,0.000108,5391.218,2.176277,26.607998
B0043,15,1.595134,22.0,79.7567,0.780865,3.8449,4.035593,0.000121,5395.766,-2.90666,34.478072
B0043,16,1.587814,22.0,79.3907,0.776182,3.850978,4.035593,0.000122,5611.625,-2.997695,34.386138
B0043,17,1.58006,22.0,79.003,0.772009,3.822582,3.976271,0.000123,5276.016,-2.994087,34.315429
B0043,18,1.575565,22.0,78.7783,0.768174,3.771514,4.027119,0.000123,5467.156,-3.026772,34.260796
B0043,19,1.595017,22.0,79.7508,0.829471,4.682398,3.99322,0.00011,5742.578,2.132863,26.652231
B0043,20,1.589808,22.0,79.4904,0.845864,4.676903,3.988983,0.000109,5412.078,2.296883,27.40459
B0043,21,1.580795,22.0,79.0398,0.776117,3.845746,3.972034,0.000122,5325.937,-2.828252,35.497311
B0043,22,1.570433,22.0,78.5217,0.77144,3.868336,3.972034,0.000123,5254.734,-2.860633,35.355982
B0043,23,1.564337,22.0,78.2168,0.764171,3.757401,3.976271,0.000124,5280.703,-3.017444,35.220015
B0043,24,1.558307,22.0,77.9154,0.755454,3.758944,4.022881,0.000126,5267.969,-3.192911,35.343949
B0043,25,1.553715,22.0,77.6857,0.820168,4.52026,3.997458,0.000112,5555.296,2.077943,27.726194
B0043,26,1.549528,22.0,77.4764,0.754643,3.701918,3.972034,0.000126,5258.75,-3.083991,35.396876
B0043,27,1.542443,22.0,77.1222,0.751766,3.682754,3.976271,0.000127,5370.672,-3.133929,35.613961
B0043,28,1.542562,22.0,77.1281,0.745339,3.620456,4.022881,0.000128,5887.703,-3.209254,35.475959
B0043,29,1.530936,22.0,76.5468,0.735415,3.589107,4.018644,0.000129,5588.328,-3.5315,35.739367
B0043,30,1.524773,22.0,76.2387,0.784671,4.31856,3.997458,0.000115,5638.719,1.954568,27.67391
B0043,31,1.519674,22.0,75.9837,0.728525,3.51671,4.035593,0.000131,5392.64,-3.538789,35.089609
B0043,32,1.51237,22.0,75.6185,0.72687,3.519992,4.027119,0.000131,5354.5,-3.462543,35.394409
B0043,33,1.499914,22.0,74.9957,0.716965,3.53697,4.027119,0.000133,5439.375,-3.693175,35.233111
B0043,34,1.492411,22.0,74.6205,0.707794,3.425462,4.039831,0.000134,5531.578,-3.90511,34.878968
B0043,35,1.492625,22.0,74.6312,0.744439,4.119681,4.010169,0.000119,5775.875,1.947129,27.186813
B0043,36,1.492402,22.0,74.6201,0.701135,3.420172,4.039831,0.000135,5538.062,-3.868147,34.845696
B0043,37,1.485302,22.0,74.2651,0.700666,3.380834,4.031356,0.000136,5530.64,-3.88245,35.475693
B0043,38,1.477208,22.0,73.8604,0.697888,3.402844,4.039831,0.000136,5505.469,-3.812071,35.383641
B0043,39,1.469474,22.0,73.4737,0.689125,3.333863,4.044068,0.000138,5535.5,-3.963511,35.242585
B0044,1,1.662461,22.0,83.123,0.828043,4.479458,4.022881,0.000112,5831.078,-1.84015,32.725252
B0044,2,1.653401,22.0,82.6701,0.819091,4.316968,4.022881,0.000113,5897.172,-1.832887,32.437925
B0044,3,1.645215,22.0,82.2607,0.810993,4.256437,4.031356,0.000114,5904.907,-2.182883,32.556575
B0044,4,1.635664,22.0,81.7832,0.808171,4.282346,4.044068,0.000115,5885.344,-2.230136,32.940976
B0044,5,1.626777,22.0,81.3388,0.734221,3.853739,4.005932,0.000125,5592.5,-4.299722,34.933131
B0044,6,1.615972,22.0,80.7986,0.797503,4.149838,4.001695,0.000116,5820.578,-2.77629,34.370333
B0044,7,1.607603,22.0,80.3801,0.789814,4.172544,4.05678,0.000117,5857.954,-2.839723,33.933288
B0044,8,1.600336,22.0,80.0168,0.78293,4.114052,4.010169,0.000118,5914.86,-2.904767,33.70337
B0044,9,1.59787,22.0,79.8935,0.840951,4.924686,4.022881,0.000107,6149.516,2.406273,27.224611
B0044,10,1.590031,22.0,79.5016,0.773111,4.038687,4.061017,0.00012,6003.828,-3.290696,33.449477
B0044,11,1.581631,22.0,79.0816,0.766903,4.030913,4.061017,0.000121,6006.844,-3.167352,33.622005
B0044,12,1.571456,22.0,78.5728,0.761882,4.018592,4.061017,0.000122,5991.532,-3.371558,33.381853
B0044,13,1.563221,22.0,78.161,0.756363,3.974878,4.065254,0.000123,6011.969,-3.387854,33.2627
B0044,14,1.560678,22.0,78.0339,0.802495,4.695235,4.018644,0.000111,6325.234,2.431211,27.04656
B0044,15,1.552389,22.0,77.6194,0.746899,4.029473,4.05678,0.000124,6131.047,-3.407189,32.95673
B0044,16,1.544459,22.0,77.223,0.739653,3.960976,4.065254,0.000125,6095.469,-3.322214,33.069024
B0044,17,1.536558,22.0,76.8279,0.7344,3.865921,4.05678,0.000126,6154.531,-3.475458,32.989774
B0044,18,1.530726,22.0,76.5363,0.729285,3.890428,4.05678,0.000127,6131.485,-3.456183,32.878829
B0044,19,1.545243,22.0,77.2621,0.761814,4.586657,4.061017,0.000114,6459.516,2.420345,27.028953
B0044,20,1.539714,22.0,76.9857,0.787787,4.656993,4.018644,0.000112,6332.719,2.542415,27.914203
B0044,21,1.530536,22.0,76.5268,0.739107,3.847853,4.044068,0.000125,6055.938,-3.30435,34.204984
B0044,22,1.519974,22.0,75.9987,0.732048,3.855807,4.052542,0.000127,6098.062,-3.399224,34.242423
B0044,23,1.513663,22.0,75.6831,0.722154,3.799109,4.05678,0.000128,6156.797,-3.52414,34.104104
B0044,24,1.501287,22.0,75.0644,0.712325,3.858279,4.061017,0.00013,6202.14,-3.717905,34.206138
B0044,25,1.502381,22.0,75.1191,0.73547,4.416426,4.05678,0.000117,6501.547,2.382454,28.238761
B0044,26,1.498096,22.0,74.9048,0.7103,3.728009,4.05678,0.00013,6200.032,-3.45416,34.138201
B0044,27,1.490654,22.0,74.5327,0.705389,3.735975,4.048305,0.000132,5897.344,-3.590535,34.530658
B0044,28,1.484397,22.0,74.2199,0.69685,3.724802,4.065254,0.000133,6172.282,-3.662167,34.389337
B0044,29,1.472532,22.0,73.6266,0.687298,3.641875,4.061017,0.000135,6281.125,-3.876657,34.364852
B0044,30,1.466315,22.0,73.3157,0.692587,4.294977,4.069492,0.000121,6608.562,2.330819,28.114077
B0044,31,1.46713,22.0,73.3565,0.676764,3.620612,4.061017,0.000137,6350.453,-3.554913,33.200878
B0044,32,1.459386,22.0,72.9693,0.67492,3.537142,4.069492,0.000137,5990.0,-3.620173,33.741814
B0044,33,1.44679,22.0,72.3395,0.664651,3.507622,4.069492,0.00014,6346.156,-3.720854,33.584147
B0044,34,1.439067,22.0,71.9533,0.652596,3.519176,4.065254,0.000142,6463.063,-3.841947,33.278647
B0044,35,1.438989,22.0,71.9495,0.640329,4.190521,4.077966,0.000127,6661.266,2.346513,27.552458
B0044,36,1.43862,22.0,71.931,0.644487,3.509065,4.069492,0.000144,6493.078,-3.858885,33.208435
B0044,37,1.431341,22.0,71.5671,0.644045,3.393516,4.05678,0.000144,6495.937,-3.787527,33.536948
B0044,38,1.422973,22.0,71.1487,0.640215,3.392709,4.065254,0.000145,6506.125,-3.798053,33.652054
B0044,39,1.415015,22.0,70.7508,0.631643,3.352889,4.065254,0.000147,6530.469,-3.845171,33.440474
